signal_date,symbol,entry_close
2025-07-31,AAMI,41.790000915527344
2025-08-22,AAMI,48.97999954223633
2025-09-11,AAUC,15.550000190734863
2025-09-19,AAUC,15.800000190734863
2025-11-28,AAUC,21.11000061035156
2025-12-03,AAUC,21.93000030517578
2025-12-11,AAUC,22.61000061035156
2025-01-21,AB,39.790000915527344
2025-09-11,ABBV,220.22000122070312
2025-01-23,ABT,123.22000122070312
2025-02-05,ABT,132.05999755859375
2025-02-28,ABT,138.00999450683594
2025-06-24,ABT,138.0800018310547
2025-12-15,ABUS,4.949999809265137
2025-11-14,ABVX,110.38999938964844
2025-08-22,ACAD,25.739999771118164
2025-07-28,ACMR,31.979999542236328
2025-09-17,ACMR,33.7599983215332
2025-01-28,ACN,378.3900146484375
2025-11-05,ACNB,46.90999984741211
2025-11-21,ACNB,48.61000061035156
2025-12-17,ACNB,52.84999847412109
2025-03-13,ACNT,12.34000015258789
2025-04-25,ACNT,12.979999542236328
2025-04-29,ACNT,13.06999969482422
2025-05-06,ACNT,13.220000267028809
2025-06-09,ACNT,13.4399995803833
2025-12-01,ACNT,15.130000114440918
2025-12-18,ACNT,16.290000915527344
2025-01-21,ACR,17.799999237060547
2025-02-04,ACR,18.5
2025-02-07,ACR,18.57999992370605
2025-02-18,ACR,19.850000381469727
2025-02-25,ACR,20.229999542236328
2025-03-07,ACR,21.1299991607666
2025-12-17,ACR,23.8700008392334
2025-03-27,AD,69.94999694824219
2025-08-06,AD,73.97000122070312
2025-08-11,AD,77.01000213623047
2025-11-25,ADAM,7.550000190734863
2025-12-23,ADAML,23.03199958801269
2025-04-22,ADC,79.12000274658203
2025-09-26,ADCT,3.650000095367432
2025-02-19,ADEA,16.389999389648438
2025-08-21,ADI,246.9499969482422
2025-11-26,ADI,257.9200134277344
2025-02-28,ADP,315.17999267578125
2025-02-13,ADPT,8.520000457763672
2025-03-24,ADPT,8.65999984741211
2025-08-07,ADPT,12.539999961853027
2025-09-11,ADPT,13.489999771118164
2025-09-30,ADPT,14.960000038146973
2025-11-21,ADPT,18.61000061035156
2025-01-17,ADSE,15.609999656677246
2025-01-28,ADSE,15.979999542236328
2025-01-30,ADSE,16.110000610351562
2025-06-04,ADT,8.600000381469727
2025-07-24,ADT,8.670000076293945
2025-01-30,ADTN,10.649999618530272
2025-02-05,ADTN,11.0
2025-02-13,ADTN,11.829999923706056
2025-09-09,ADUR,12.949999809265137
2025-10-24,ADX,22.96999931335449
2025-02-13,AEE,98.2699966430664
2025-02-21,AEE,98.54000091552734
2025-10-15,AEE,105.38999938964844
2025-10-15,AEF,6.610000133514404
2025-12-10,AEF,7.059999942779541
2025-12-26,AEF,7.090000152587891
2025-05-12,AEG,6.760000228881836
2025-08-21,AEG,8.029999732971191
2025-09-24,AEG,8.050000190734863
2025-01-07,AEIS,125.2300033569336
2025-01-21,AEIS,127.5500030517578
2025-02-19,AEIS,131.5399932861328
2025-07-09,AEIS,141.1300048828125
2025-07-30,AEIS,144.07000732421875
2025-08-07,AEIS,146.5
2025-09-18,AEIS,169.75
2025-10-20,AEIS,197.44000244140625
2025-02-03,AEM,94.86000061035156
2025-02-13,AEM,100.80999755859376
2025-04-03,AEM,108.48999786376952
2025-04-10,AEM,111.5500030517578
2025-04-21,AEM,123.47000122070312
2025-07-22,AEM,128.6199951171875
2025-12-08,AENT,7.400000095367432
2025-12-29,AENT,8.430000305175781
2025-03-31,AEP,109.2699966430664
2025-07-30,AEP,113.25
2025-08-01,AEP,113.58000183105467
2025-10-06,AEP,115.66000366210938
2025-10-29,AEP,122.11000061035156
2025-11-10,AEP,122.55999755859376
2025-08-21,AER,118.04000091552734
2025-08-28,AER,123.8000030517578
2025-09-02,AER,124.41999816894533
2025-10-29,AER,131.6300048828125
2025-12-03,AER,138.13999938964844
2025-12-19,AFBI,22.5
2025-05-15,AFJK,11.09000015258789
2025-07-23,AFJK,11.25
2025-09-16,AFJK,11.329999923706056
2025-10-09,AFJK,11.350000381469728
2025-10-13,AFJK,11.399999618530272
2025-11-05,AFJK,13.550000190734863
2025-02-05,AFJKU,11.199999809265137
2025-02-11,AFJKU,11.300000190734863
2025-03-19,AFJKU,11.489999771118164
2025-10-27,AFJKU,11.789999961853027
2025-10-29,AFJKU,11.890000343322754
2025-12-12,AFRI,11.0
2025-12-18,AFRI,11.279999732971191
2025-02-07,AFRM,75.22000122070312
2025-09-02,AG,9.609999656677246
2025-09-11,AG,10.390000343322754
2025-07-02,AGCO,110.5500030517578
2025-07-31,AGCO,117.97000122070312
2025-02-03,AGI,21.3799991607666
2025-02-10,AGI,22.809999465942383
2025-02-20,AGI,23.270000457763672
2025-03-05,AGI,24.350000381469727
2025-03-31,AGI,26.739999771118164
2025-04-03,AGI,26.8700008392334
2025-04-10,AGI,27.96999931335449
2025-09-23,AGI,33.790000915527344
2025-11-17,AGIO,45.130001068115234
2025-03-31,AGNCL,26.09000015258789
2025-03-27,AGNCN,26.450000762939453
2025-03-11,AGNCO,25.774999618530277
2025-03-17,AGNCP,25.3700008392334
2025-07-31,AGNCP,25.479999542236328
2025-04-22,AGRO,11.59000015258789
2025-01-14,AGX,168.0399932861328
2025-05-12,AHG,1.4600000381469729
2025-02-27,AHR,30.18000030517578
2025-03-03,AHR,30.440000534057617
2025-06-23,AHR,36.619998931884766
2025-08-20,AHR,41.72999954223633
2025-03-31,AIG,86.94000244140625
2025-02-10,AIOT,7.800000190734863
2025-07-29,AIP,10.600000381469728
2025-09-26,AIR,86.33999633789062
2025-07-24,AIRT,24.299999237060547
2025-09-15,AIRTP,19.3799991607666
2025-11-06,AIRTP,19.399999618530277
2025-11-10,AIRTP,19.75
2025-11-12,AIRTP,19.81999969482422
2025-06-24,AISP,5.380000114440918
2025-05-30,AJG,347.44000244140625
2025-01-21,AKBA,2.369999885559082
2025-03-17,AKBA,2.400000095367432
2025-02-11,AKO-A,15.739999771118164
2025-04-23,AKO-A,17.989999771118164
2025-04-30,AKO-A,18.799999237060547
2025-05-13,AKO-A,19.56999969482422
2025-10-27,AKO-A,20.959999084472656
2025-10-29,AKO-A,23.200000762939453
2025-12-30,AKO-A,24.479999542236328
2025-04-03,AKO-B,23.459999084472656
2025-04-14,AKO-B,23.6299991607666
2025-05-01,AKO-B,26.200000762939453
2025-05-07,AKO-B,26.3799991607666
2025-05-13,AKO-B,26.68000030517578
2025-09-02,AL,64.27999877929688
2025-12-15,AL,64.25
2025-12-02,ALCO,36.33000183105469
2025-03-17,ALCY,11.220000267028809
2025-04-15,ALCY,11.369999885559082
2025-05-05,ALCY,11.670000076293944
2025-12-31,ALCY,14.210000038146973
2025-05-14,ALCYU,11.899999618530272
2025-08-28,ALCYU,12.0
2025-11-04,ALDF,10.489999771118164
2025-12-10,ALF,10.670000076293944
2025-04-30,ALFUU,10.400099754333496
2025-05-08,ALFUU,10.489999771118164
2025-06-13,ALFUU,11.0
2025-10-15,ALFUU,11.0
2025-02-28,ALHC,15.6899995803833
2025-03-04,ALHC,15.75
2025-03-21,ALHC,17.610000610351562
2025-04-08,ALHC,18.950000762939453
2025-04-10,ALHC,19.780000686645508
2025-01-23,ALKS,31.75
2025-02-11,ALKS,31.959999084472656
2025-09-11,ALLE,177.17999267578125
2025-06-20,ALLT,9.020000457763672
2025-01-03,ALM,1.622249960899353
2025-07-09,ALNT,39.20000076293945
2025-07-15,ALNT,39.29999923706055
2025-08-07,ALNT,42.290000915527344
2025-08-11,ALNT,43.119998931884766
2025-08-22,ALNT,46.86000061035156
2025-10-09,ALNT,47.869998931884766
2025-10-23,ALNT,55.79999923706055
2025-10-29,ALNT,56.68999862670898
2025-07-30,ALNY,339.79998779296875
2025-09-09,ALNY,482.1300048828125
2025-02-13,AM,16.81999969482422
2025-02-28,AM,16.950000762939453
2025-03-05,AM,16.979999542236328
2025-03-14,AM,17.010000228881836
2025-01-03,AMBA,77.54000091552734
2025-11-06,AMBA,90.62000274658205
2025-05-02,AMBO,3.190000057220459
2025-02-24,AMCI,11.529999732971191
2025-03-27,AMCI,11.59000015258789
2025-07-17,AMCI,11.899999618530272
2025-08-08,AMCI,11.911999702453612
2025-08-14,AMCI,11.989999771118164
2025-08-29,AMCI,12.020000457763672
2025-10-06,AMD,203.7100067138672
2025-12-11,AME,203.83999633789065
2025-09-11,AMG,235.9600067138672
2025-09-17,AMG,238.27999877929688
2025-11-03,AMG,256.5599975585937
2025-11-05,AMG,256.739990234375
2025-11-12,AMG,264.79998779296875
2025-12-10,AMG,279.6000061035156
2025-12-22,AMG,287.6700134277344
2025-06-10,AMLX,5.760000228881836
2025-01-29,AMP,575.1300048828125
2025-07-16,AMPG,2.640000104904175
2025-01-28,AMPL,12.510000228881836
2025-12-17,AMR,198.25
2025-10-03,AMRN,18.84000015258789
2025-10-31,AMRX,10.81999969482422
2025-11-11,AMRX,11.949999809265137
2025-11-24,AMRX,12.149999618530272
2025-12-18,AMRX,12.640000343322754
2025-09-17,AMSC,60.4900016784668
2025-10-14,AMSC,65.54000091552734
2025-01-16,AMUB,20.07200050354004
2025-02-03,AMUB,20.44099998474121
2025-08-07,AMX,18.96999931335449
2025-09-11,AMX,20.229999542236328
2025-07-31,AMZN,234.1100006103516
2025-02-11,AN,195.1499938964844
2025-06-20,AN,196.5800018310547
2025-12-12,ANDE,53.9900016784668
2025-01-07,ANGO,9.399999618530272
2025-06-03,ANGO,10.949999809265137
2025-06-06,ANGO,11.0600004196167
2025-11-11,ANGO,12.609999656677246
2025-12-08,ANIX,5.21999979019165
2025-02-13,ANSC,10.56999969482422
2025-03-05,ANSC,10.59000015258789
2025-03-12,ANSC,10.619999885559082
2025-04-15,ANSC,10.6899995803833
2025-04-30,ANSC,10.699999809265137
2025-05-07,ANSC,10.739999771118164
2025-07-10,ANSC,10.859999656677246
2025-07-21,ANSC,10.875
2025-10-10,ANSC,10.994999885559082
2025-10-15,ANSC,11.050999641418455
2025-08-01,ANSCU,11.899999618530272
2025-12-31,AOMN,25.524999618530277
2025-02-25,AON,397.5700073242188
2025-01-08,AORT,30.229999542236328
2025-01-16,AORT,31.239999771118164
2025-02-05,AORT,31.700000762939453
2025-05-08,AP,2.4800000190734863
2025-07-22,AP,3.759999990463257
2025-03-07,APEI,23.5
2025-04-09,APEI,24.059999465942383
2025-04-28,APEI,24.950000762939453
2025-05-13,APEI,27.56999969482422
2025-05-15,APEI,27.799999237060547
2025-05-27,APEI,29.739999771118164
2025-06-20,APEI,29.790000915527344
2025-06-27,APEI,30.559999465942383
2025-05-07,APG,28.926666259765625
2025-05-21,APG,30.733333587646484
2025-10-31,APG,36.81999969482422
2025-11-12,APG,38.36000061035156
2025-11-25,APG,38.970001220703125
2025-12-10,APG,39.93000030517578
2025-01-22,APH,77.83999633789062
2025-06-27,APH,97.66999816894533
2025-07-24,APH,104.45999908447266
2025-09-09,APH,116.79000091552734
2025-09-18,APH,122.06999969482422
2025-10-22,APH,128.92999267578125
2025-08-07,APP,437.3399963378906
2025-06-18,APWC,1.7300000190734863
2025-09-12,APWC,2.069999933242798
2025-09-19,APWC,2.2100000381469727
2025-11-07,AQN,6.239999771118164
2025-03-25,AREN,1.6799999475479126
2025-04-01,AREN,1.7899999618530271
2025-04-04,AREN,1.899999976158142
2025-02-13,ARKO,7.460000038146973
2025-02-19,ARKO,7.820000171661377
2025-08-12,ARLO,18.13999938964844
2025-09-03,ARLO,18.40999984741211
2025-01-23,ARLP,28.8799991607666
2025-08-27,ARMN,8.140000343322754
2025-10-15,ARMP,3.4100000858306885
2025-12-03,AROW,31.18000030517578
2025-12-08,AROW,31.56999969482422
2025-12-10,AROW,31.63999938964844
2025-03-17,ARQT,16.420000076293945
2025-09-05,ARQT,17.149999618530273
2025-09-29,ARQT,18.6200008392334
2025-06-27,ARTW,2.049999952316284
2025-11-24,ARWR,44.2599983215332
2025-05-19,AS,31.38999938964844
2025-06-27,AS,39.36000061035156
2025-08-22,AS,41.47999954223633
2025-01-24,ASA,22.709999084472656
2025-02-03,ASA,24.030000686645508
2025-06-02,ASA,33.630001068115234
2025-08-07,ASA,34.7599983215332
2025-09-11,ASA,40.709999084472656
2025-10-06,ASA,46.88999938964844
2025-12-10,ASB,27.06999969482422
2025-01-31,ASBP,517.5999755859375
2025-02-11,ASBP,560.4000244140625
2025-11-18,ASC,13.5
2025-07-09,ASM,3.809999942779541
2025-10-13,ASMB,27.65999984741211
2025-09-15,ASML,867.2999877929688
2025-09-18,ASML,927.7999877929688
2025-03-17,ASND,168.83999633789062
2025-05-02,ASND,172.05999755859375
2025-06-02,ASND,175.69000244140625
2025-08-07,ASND,190.3500061035156
2025-10-06,ASND,210.8300018310547
2025-11-17,ASND,216.55999755859372
2025-12-12,ASND,220.4199981689453
2025-09-22,ASPI,11.220000267028809
2025-10-22,ASRV,3.190000057220459
2025-10-24,ASRV,3.220000028610229
2025-04-29,ASTE,37.630001068115234
2025-08-07,ASTE,42.900001525878906
2025-07-02,ATAT,33.0
2025-08-26,ATAT,37.150001525878906
2025-11-03,ATAT,41.22999954223633
2025-12-02,ATAT,42.68999862670898
2025-08-01,ATEC,13.770000457763672
2025-10-31,ATEC,18.989999771118164
2025-02-04,ATEN,20.280000686645508
2025-01-30,ATGE,102.41999816894533
2025-05-02,ATGE,114.4000015258789
2025-07-18,ATHE,5.0
2025-10-28,ATI,98.52999877929688
2025-12-10,ATI,104.7300033569336
2025-12-19,ATI,113.27999877929688
2025-08-18,ATLC,63.290000915527344
2025-08-12,ATLCL,24.700000762939453
2025-08-18,ATLCL,24.88999938964844
2025-08-28,ATLCL,24.899999618530277
2025-02-28,ATLCZ,25.350000381469727
2025-08-22,ATLO,19.899999618530277
2025-09-19,ATLO,20.709999084472656
2025-10-22,ATLO,20.96999931335449
2025-10-27,ATLO,21.049999237060547
2025-11-25,ATLO,21.75
2025-12-03,ATLO,21.950000762939453
2025-11-07,ATMU,47.900001525878906
2025-11-26,ATMU,51.040000915527344
2025-12-19,ATMU,53.56999969482422
2025-04-15,ATO,156.27000427246094
2025-04-22,ATO,160.11000061035156
2025-04-30,ATO,160.6300048828125
2025-08-07,ATO,162.72000122070312
2025-12-10,ATRA,16.829999923706055
2025-01-17,ATRC,38.470001220703125
2025-07-11,ATRO,36.11000061035156
2025-11-14,ATRO,52.150001525878906
2025-01-02,ATYR,3.910000085830689
2025-02-19,ATYR,4.25
2025-03-28,AU,36.97999954223633
2025-04-10,AU,38.84999847412109
2025-09-19,AU,67.81999969482422
2025-10-16,AU,78.55000305175781
2025-07-23,AUPH,9.1899995803833
2025-10-31,AUPH,13.170000076293944
2025-11-04,AUPH,14.270000457763672
2025-11-07,AUPH,14.609999656677246
2025-03-27,AVA,40.040000915527344
2025-07-17,AVAL,3.0199999809265137
2025-10-03,AVAL,3.4800000190734863
2025-10-10,AVAL,3.640000104904175
2025-10-31,AVAL,4.21999979019165
2025-11-10,AVAL,4.349999904632568
2025-09-29,AVAV,308.69000244140625
2025-08-27,AVBH,24.88999938964844
2025-09-08,AVBH,25.649999618530277
2025-12-10,AVBH,26.8700008392334
2025-06-24,AVGO,263.7699890136719
2025-09-05,AVGO,334.8900146484375
2025-09-10,AVGO,369.5700073242188
2025-09-11,AVNW,25.56999969482422
2025-10-30,AVNW,26.049999237060547
2025-12-19,AVO,13.199999809265137
2025-02-10,AVPT,19.61000061035156
2025-08-25,AWF,11.239999771118164
2025-07-29,AWI,184.66000366210935
2025-08-12,AWI,194.1300048828125
2025-09-08,AWRE,2.740000009536743
2025-01-10,AXGN,18.049999237060547
2025-02-25,AXGN,20.11000061035156
2025-09-05,AXIA,8.460000038146973
2025-09-29,AXIA,9.90999984741211
2025-11-05,AXIA,10.710000038146973
2025-11-14,AXIA,11.789999961853027
2025-02-18,AXON,710.010009765625
2025-08-05,AXON,867.1199951171875
2025-01-22,AXSM,102.2699966430664
2025-12-19,AXSM,152.64999389648438
2025-12-17,AYTU,2.569999933242798
2025-12-22,AYTU,2.650000095367432
2025-01-29,AZ,7.550000190734863
2025-02-24,AZ,8.25
2025-05-09,AZ,8.649999618530273
2025-05-13,AZ,9.06999969482422
2025-07-10,AZ,11.1899995803833
2025-02-03,AZO,3432.199951171875
2025-02-28,AZO,3493.010009765625
2025-03-05,AZO,3555.8798828125
2025-03-10,AZO,3690.1201171875
2025-03-27,AZO,3828.110107421875
2025-09-11,AZO,4354.5400390625
2025-02-10,AZZ,97.5500030517578
2025-06-27,AZZ,95.06999969482422
2025-07-09,AZZ,100.93000030517578
2025-07-14,AZZ,106.77999877929688
2025-08-20,B,24.84000015258789
2025-09-02,B,26.93000030517578
2025-09-18,B,30.06999969482422
2025-05-29,BA,208.17999267578125
2025-07-09,BA,226.6000061035156
2025-10-23,BACQ,12.75
2025-01-21,BAFN,15.720000267028809
2025-03-05,BAFN,19.01000022888184
2025-03-17,BAFN,19.450000762939453
2025-01-24,BAM,59.959999084472656
2025-01-28,BAM,61.09000015258789
2025-07-18,BANF,135.3000030517578
2025-02-03,BANFP,26.350000381469727
2025-03-12,BANFP,27.5
2025-02-20,BANL,1.25
2025-05-29,BAP,209.7899932861328
2025-07-02,BAP,226.1300048828125
2025-07-22,BAP,230.3999938964844
2025-08-15,BAP,251.8800048828125
2025-12-11,BAP,281.6099853515625
2025-12-19,BAP,285.7699890136719
2025-10-03,BAR,38.29999923706055
2025-06-27,BATRA,49.810001373291016
2025-01-07,BAYA,10.720000267028809
2025-02-19,BAYA,10.8100004196167
2025-03-03,BAYA,10.850000381469728
2025-03-20,BAYA,10.899999618530272
2025-04-16,BAYA,10.9399995803833
2025-05-15,BAYA,10.979999542236328
2025-06-20,BAYA,11.420000076293944
2025-12-01,BAYA,11.550000190734863
2025-12-08,BAYA,11.600000381469728
2025-12-15,BAYA,11.640000343322754
2025-12-18,BAYA,11.670000076293944
2025-12-22,BAYA,11.699999809265137
2025-12-31,BAYA,11.878999710083008
2025-05-29,BAYAU,11.140000343322754
2025-06-26,BAYAU,11.350000381469728
2025-12-23,BAYAU,12.0
2025-05-19,BBAR,22.350000381469727
2025-10-02,BBBY,11.75
2025-09-05,BBD,3.180000066757202
2025-09-23,BBD,3.390000104904175
2025-10-29,BBD,3.5199999809265137
2025-10-29,BBDO,3.0299999713897705
2025-11-04,BBDO,3.049999952316284
2025-11-20,BBDO,3.2699999809265137
2025-04-30,BBIO,38.36000061035156
2025-06-20,BBIO,41.72999954223633
2025-07-09,BBIO,45.97999954223633
2025-10-27,BBIO,63.560001373291016
2025-11-21,BBIO,68.11000061035156
2025-12-19,BBIO,76.30000305175781
2025-12-22,BBNX,31.690000534057617
2025-01-02,BBOT,10.989999771118164
2025-02-28,BBOT,11.050000190734863
2025-03-31,BBOT,11.300000190734863
2025-07-17,BBSI,43.650001525878906
2025-07-28,BBSI,46.52000045776367
2025-08-07,BBSI,46.869998931884766
2025-08-22,BBU,27.71999931335449
2025-09-25,BBU,31.75
2025-10-01,BBU,33.08000183105469
2025-10-03,BBU,33.36000061035156
2025-10-08,BBU,34.58000183105469
2025-06-23,BBUC,30.09000015258789
2025-10-14,BBUC,36.88999938964844
2025-03-05,BBVA,13.93000030517578
2025-03-07,BBVA,14.149999618530272
2025-07-08,BBVA,15.739999771118164
2025-10-16,BBVA,19.479999542236328
2025-12-08,BCAL,20.1299991607666
2025-11-24,BCAX,18.8799991607666
2025-03-07,BCH,27.280000686645508
2025-11-07,BCH,36.22999954223633
2025-12-10,BCML,31.020000457763672
2025-12-12,BCML,32.779998779296875
2025-12-17,BCML,32.88999938964844
2025-12-11,BCO,120.83000183105467
2025-02-05,BCRX,8.609999656677246
2025-02-11,BCRX,8.989999771118164
2025-02-14,BCRX,9.050000190734863
2025-01-15,BCS,14.039999961853027
2025-01-17,BCS,14.260000228881836
2025-02-12,BCS,15.390000343322754
2025-02-26,BCS,15.779999732971191
2025-02-28,BCS,15.84000015258789
2025-07-17,BCS,19.01000022888184
2025-07-23,BCS,19.459999084472656
2025-07-29,BCS,20.049999237060547
2025-01-30,BCSF,17.99009895324707
2025-02-28,BCSF,18.881187438964844
2025-07-10,BCV,19.239999771118164
2025-07-16,BCV,19.25
2025-08-13,BCV,19.959999084472656
2025-09-19,BCV,21.63999938964844
2025-10-02,BCV,22.200000762939453
2025-10-01,BCX,10.329999923706056
2025-12-15,BDJ,9.390000343322754
2025-12-30,BDJ,9.399999618530272
2025-11-10,BDTX,4.360000133514404
2025-10-14,BEAGU,11.020000457763672
2025-02-14,BEAM,32.400001525878906
2025-06-30,BEEP,4.53000020980835
2025-02-25,BEKE,21.25
2025-10-16,BELFA,125.25
2025-10-20,BELFA,125.48999786376952
2025-11-10,BELFA,142.61000061035156
2025-12-05,BELFA,145.14999389648438
2025-11-03,BELFB,158.57000732421875
2025-11-06,BELFB,160.16000366210938
2025-06-20,BEN,22.790000915527344
2025-10-07,BEP,27.850000381469727
2025-10-15,BEP,28.01000022888184
2025-10-06,BEPC,38.06999969482422
2025-10-15,BEPC,40.63999938964844
2025-11-06,BEPC,44.400001525878906
2025-04-21,BFC,107.86000061035156
2025-04-29,BFC,112.16000366210938
2025-06-27,BFC,118.47000122070312
2025-07-01,BFC,120.66999816894533
2025-07-17,BFC,125.77999877929688
2025-07-22,BFH,62.869998931884766
2025-10-07,BGY,5.900000095367432
2025-06-16,BH,273.17999267578125
2025-06-04,BH-A,1267.0
2025-06-06,BH-A,1274.0
2025-06-16,BH-A,1323.0
2025-07-08,BH-A,1432.0
2025-07-17,BH-A,1446.2900390625
2025-02-14,BHF,62.13999938964844
2025-10-14,BHP,56.41999816894531
2025-07-24,BHST,7.849999904632568
2025-09-11,BIDU,111.81999969482422
2025-09-12,BILI,25.450000762939453
2025-10-09,BILI,29.350000381469727
2025-01-21,BIO-B,348.95001220703125
2025-01-24,BIO-B,357.04998779296875
2025-01-29,BIO-B,357.6499938964844
2025-11-25,BIP,35.79999923706055
2025-03-06,BJ,112.33000183105467
2025-04-03,BJ,118.48999786376952
2025-01-15,BK,82.04000091552734
2025-02-28,BK,88.94999694824219
2025-09-22,BKD,8.279999732971191
2025-10-09,BKD,8.880000114440918
2025-10-29,BKD,8.949999809265137
2025-11-07,BKD,9.43000030517578
2025-11-18,BKD,10.56999969482422
2025-11-21,BKD,10.800000190734863
2025-11-26,BKH,72.98999786376953
2025-06-11,BKHA,10.640000343322754
2025-06-23,BKHA,10.800000190734863
2025-10-24,BKHA,11.59000015258789
2025-02-03,BKR,47.400001525878906
2025-03-31,BKTI,39.220001220703125
2025-06-18,BKTI,51.650001525878906
2025-06-24,BKTI,54.619998931884766
2025-06-26,BKTI,55.97999954223633
2025-12-04,BKV,28.68000030517578
2025-06-04,BLBX,4.150000095367432
2025-10-06,BLK,1179.27001953125
2025-10-14,BLK,1194.260009765625
2025-02-28,BLX,42.369998931884766
2025-08-11,BLX,44.97999954223633
2025-09-11,BLX,48.310001373291016
2025-01-07,BMN,25.8700008392334
2025-02-25,BMO,104.13999938964844
2025-07-21,BMO,114.98999786376952
2025-08-26,BMO,119.38999938964844
2025-11-25,BMRC,27.020000457763672
2025-12-03,BMRC,27.06999969482422
2025-12-10,BMRC,27.920000076293945
2025-03-07,BMY,61.09000015258789
2025-07-16,BN,43.86000061035156
2025-09-11,BN,45.90666580200195
2025-12-02,BNS,70.55000305175781
2025-07-16,BNT,43.75333404541016
2025-09-11,BNT,45.913333892822266
2025-09-18,BNT,47.09333419799805
2025-03-11,BNTC,13.289999961853027
2025-10-24,BNTC,16.520000457763672
2025-01-07,BNTX,126.87999725341795
2025-10-06,BOE,11.75
2025-01-30,BOOT,174.52000427246094
2025-01-03,BOSC,3.7100000381469727
2025-02-18,BOSC,4.079999923706055
2025-05-29,BOSC,4.650000095367432
2025-10-28,BOSC,5.5
2025-10-30,BOSC,5.670000076293945
2025-10-08,BOTJ,15.859999656677246
2025-10-31,BOTJ,17.049999237060547
2025-11-20,BOTJ,17.600000381469727
2025-12-15,BOTJ,18.5
2025-01-27,BPOP,103.7699966430664
2025-08-22,BPOP,121.94000244140624
2025-08-29,BPOP,125.63999938964844
2025-11-26,BPRN,34.5099983215332
2025-12-10,BPRN,35.470001220703125
2025-07-24,BR,252.9900054931641
2025-08-05,BR,265.3299865722656
2025-01-27,BRBR,79.16999816894531
2025-06-27,BRBS,3.640000104904175
2025-08-25,BRBS,4.03000020980835
2025-10-24,BRBS,4.360000133514404
2025-11-03,BRBS,4.619999885559082
2025-02-24,BRK-A,747485.0
2025-03-17,BRK-A,784957.0
2025-03-19,BRK-A,789880.0
2025-02-24,BRK-B,498.4200134277344
2025-06-12,BRTX,2.0
2025-07-18,BRW,8.279999732971191
2025-07-23,BRW,8.399999618530273
2025-07-29,BRW,8.449999809265137
2025-03-14,BSAC,22.989999771118164
2025-04-17,BSAC,23.96999931335449
2025-09-17,BSBR,5.559999942779541
2025-11-10,BSBR,6.150000095367432
2025-03-12,BSET,15.979999542236328
2025-03-20,BSET,16.149999618530273
2025-07-10,BSET,19.13999938964844
2025-01-21,BST,38.18000030517578
2025-07-23,BSX,107.76000213623048
2025-09-08,BTG,4.289999961853027
2025-09-22,BTG,4.760000228881836
2025-09-29,BTG,4.960000038146973
2025-10-01,BTG,5.0
2025-01-27,BTI,39.61000061035156
2025-06-05,BTI,47.43999862670898
2025-06-11,BTI,48.77999877929688
2025-07-10,BTI,50.81999969482422
2025-01-21,BTSG,20.88999938964844
2025-09-08,BTSG,25.479999542236328
2025-10-21,BTSG,32.25
2025-01-21,BTSGU,73.87000274658203
2025-08-22,BTSGU,86.0
2025-09-08,BTSGU,88.16000366210938
2025-09-30,BTSGU,101.08999633789062
2025-12-12,BTSGU,124.61000061035156
2025-12-19,BTSGU,127.29000091552734
2025-12-23,BTSGU,128.02999877929688
2025-12-30,BTT,22.709999084472656
2025-09-08,BTZ,11.149999618530272
2025-03-17,BULL,11.729999542236328
2025-03-25,BULL,11.75
2025-04-11,BULL,13.25
2025-08-26,BVN,18.950000762939453
2025-08-29,BVN,19.13999938964844
2025-09-15,BVN,20.649999618530277
2025-09-19,BVN,20.90999984741211
2025-01-21,BWAY,11.050000190734863
2025-02-14,BWAY,11.300000190734863
2025-08-18,BWAY,14.850000381469728
2025-08-21,BWAY,14.989999771118164
2025-09-16,BWAY,16.889999389648438
2025-11-03,BWAY,17.3799991607666
2025-11-28,BWAY,17.489999771118164
2025-12-08,BWAY,17.719999313354492
2025-12-22,BWAY,18.82999992370605
2025-12-10,BWB,18.520000457763672
2025-06-26,BWFG,35.95000076293945
2025-07-14,BWFG,38.34000015258789
2025-07-28,BWFG,39.81999969482422
2025-07-31,BWFG,39.900001525878906
2025-08-04,BWFG,39.93000030517578
2025-08-12,BWFG,40.7400016784668
2025-08-22,BWFG,41.66999816894531
2025-12-03,BWFG,47.25
2025-09-16,BWG,8.869999885559082
2025-06-23,BWMN,27.950000762939453
2025-07-16,BWMN,32.15999984741211
2025-07-23,BWMN,33.95000076293945
2025-08-08,BWMN,36.89500045776367
2025-08-19,BWMN,39.94499969482422
2025-08-22,BWMN,40.75
2025-11-05,BWMN,44.43000030517578
2025-06-20,BWXT,142.32000732421875
2025-12-31,BXMX,14.699999809265137
2025-02-06,BYD,78.56999969482422
2025-06-27,BYD,79.0199966430664
2025-07-09,BYD,84.11000061035156
2025-07-25,BYD,85.94000244140625
2025-01-14,BYFC,8.020000457763672
2025-08-21,BZ,23.540000915527344
2025-09-15,BZ,24.68000030517578
2025-01-06,C,72.73999786376953
2025-01-15,C,78.2699966430664
2025-07-15,C,90.72000122070312
2025-07-17,C,93.08999633789062
2025-12-18,C,112.83000183105467
2025-08-21,CAAP,22.239999771118164
2025-02-26,CAAS,4.78000020980835
2025-03-26,CAAS,4.820000171661377
2025-07-02,CACC,543.739990234375
2025-10-23,CACI,584.5700073242188
2025-02-14,CAE,26.780000686645508
2025-06-02,CAE,26.8700008392334
2025-06-27,CAE,28.07999992370605
2025-06-16,CAF,13.5600004196167
2025-08-26,CAF,15.289999961853027
2025-09-11,CAF,15.8100004196167
2025-09-16,CAF,15.899999618530272
2025-12-10,CAF,17.31999969482422
2025-11-04,CAH,195.33999633789065
2025-01-21,CAKE,51.790000915527344
2025-01-15,CALM,112.51000213623048
2025-07-23,CALM,119.16000366210938
2025-07-22,CALX,55.41999816894531
2025-10-30,CALX,68.04000091552734
2025-11-07,CALY,10.600000381469728
2025-11-14,CALY,11.270000457763672
2025-11-25,CALY,11.6899995803833
2025-07-02,CANG,2.634999990463257
2025-07-08,CANG,2.664999961853028
2025-03-03,CAPL,23.729999542236328
2025-12-03,CAPN,10.609999656677246
2025-12-08,CAPN,10.619999885559082
2025-01-28,CARG,40.45000076293945
2025-12-19,CARG,38.619998931884766
2025-08-08,CART,51.209999084472656
2025-06-10,CASY,490.2000122070313
2025-09-09,CASY,541.2999877929688
2025-09-11,CASY,553.989990234375
2025-10-29,CAT,585.489990234375
2025-12-10,CATY,50.95000076293945
2025-12-17,CATY,50.97999954223633
2025-12-18,CBFV,36.95000076293945
2025-11-21,CBL,33.060001373291016
2025-12-03,CBL,34.40999984741211
2025-12-10,CBL,35.90999984741211
2025-08-22,CBNA,28.3799991607666
2025-09-19,CBNA,32.45000076293945
2025-12-10,CBNA,34.41999816894531
2025-12-19,CBNA,38.220001220703125
2025-05-20,CBNK,33.630001068115234
2025-07-01,CBNK,34.2400016784668
2025-07-24,CBOE,245.91000366210935
2025-08-01,CBOE,247.7899932861328
2025-07-29,CBRE,158.0500030517578
2025-07-23,CBRL,71.86000061035156
2025-01-28,CCB,86.36000061035156
2025-02-27,CCB,96.68000030517578
2025-06-23,CCB,92.26000213623048
2025-07-01,CCB,100.58999633789062
2025-08-13,CCB,108.4499969482422
2025-08-22,CCB,110.86000061035156
2025-06-27,CCBG,39.11000061035156
2025-12-10,CCBG,44.119998931884766
2025-03-07,CCEC,19.530000686645508
2025-05-05,CCEC,20.15999984741211
2025-05-14,CCEC,21.38999938964844
2025-06-20,CCEC,24.13999938964844
2025-07-10,CCEC,24.200000762939453
2025-02-13,CCEP,82.70999908447266
2025-02-25,CCEP,87.55000305175781
2025-04-03,CCEP,89.81999969482422
2025-05-30,CCEP,91.79000091552734
2025-05-14,CCIX,11.479999542236328
2025-04-25,CCIXU,11.050000190734863
2025-04-29,CCIXU,11.170000076293944
2025-05-01,CCIXU,11.31999969482422
2025-09-15,CCJ,86.31999969482422
2025-10-13,CCJ,92.1500015258789
2025-01-28,CCL,27.770000457763672
2025-01-21,CCLDO,19.992000579833984
2025-05-29,CCLDO,20.253999710083008
2025-08-05,CCLDO,20.43000030517578
2025-08-22,CCLDO,21.600000381469727
2025-11-10,CCLDO,24.040000915527344
2025-01-23,CCNEP,25.71999931335449
2025-01-27,CCSI,26.93000030517578
2025-03-25,CCU,15.449999809265137
2025-03-27,CCU,15.619999885559082
2025-02-06,CD,7.900000095367432
2025-07-25,CDNS,332.19000244140625
2025-01-10,CDZIP,18.0
2025-04-01,CDZIP,19.391000747680664
2025-09-30,CECO,51.20000076293945
2025-05-19,CEE,16.18000030517578
2025-08-08,CEE,17.290000915527344
2025-08-15,CEE,17.489999771118164
2025-10-08,CEG,371.0
2025-08-07,CELH,50.119998931884766
2025-09-26,CENX,27.989999771118164
2025-12-19,CENX,36.209999084472656
2025-01-02,CEPU,15.68000030517578
2025-01-07,CEPU,15.899999618530272
2025-09-12,CET,50.7599983215332
2025-09-18,CET,51.09000015258789
2025-09-22,CET,51.70000076293945
2025-10-03,CET,51.97999954223633
2025-01-17,CEVA,34.18000030517578
2025-02-26,CEVA,38.43999862670898
2025-01-13,CF,95.5
2025-11-25,CFFN,6.650000095367432
2025-12-10,CFFN,6.96999979019165
2025-12-16,CFFN,7.099999904632568
2025-12-09,CFG,55.93999862670898
2025-08-22,CGAU,7.75
2025-09-19,CGAU,9.539999961853027
2025-12-19,CGAU,14.510000228881836
2025-01-15,CGNT,9.59000015258789
2025-02-04,CGNT,10.050000190734863
2025-09-30,CHARU,11.579999923706056
2025-02-03,CHEF,54.7400016784668
2025-02-12,CHEF,59.61000061035156
2025-07-07,CHEF,67.05000305175781
2025-07-31,CHEF,68.55999755859375
2025-01-30,CHKP,218.9900054931641
2025-02-19,CHKP,223.0800018310547
2025-03-06,CHKP,223.47999572753903
2025-12-09,CHMG,55.380001068115234
2025-12-15,CHMG,59.29999923706055
2025-10-30,CHRW,154.8800048828125
2025-12-18,CHRW,165.02999877929688
2025-05-02,CHT,42.08000183105469
2025-01-03,CHWY,35.959999084472656
2025-06-24,CIB,44.970001220703125
2025-08-07,CIB,46.63999938964844
2025-09-04,CIB,50.540000915527344
2025-01-22,CIEN,94.8499984741211
2025-10-23,CIGI,169.2899932861328
2025-07-02,CIVB,24.780000686645508
2025-12-15,CIVB,24.440000534057617
2025-01-15,CLBT,22.90999984741211
2025-01-28,CLBT,24.170000076293945
2025-02-03,CLBT,24.670000076293945
2025-07-23,CLFD,45.34000015258789
2025-01-03,CLMT,23.57999992370605
2025-09-23,CLST,13.199999809265137
2025-10-01,CLST,13.300000190734863
2025-10-27,CLST,13.380000114440918
2025-11-21,CLST,15.020000457763672
2025-12-10,CLST,15.100000381469728
2025-06-26,CM,70.55999755859375
2025-06-30,CM,70.83000183105469
2025-07-22,CM,74.41999816894531
2025-08-27,CM,75.27999877929688
2025-12-04,CM,90.58000183105467
2025-12-10,CM,91.7699966430664
2025-10-14,CMC,60.43000030517578
2025-10-21,CMC,62.04999923706055
2025-12-05,CMC,66.86000061035156
2025-08-13,CMCL,24.1299991607666
2025-08-18,CMCL,24.57999992370605
2025-03-10,CME,262.2799987792969
2025-04-03,CME,268.3599853515625
2025-05-30,CME,289.0
2025-10-29,CMI,441.260009765625
2025-11-06,CMI,462.7999877929688
2025-11-24,CMI,485.6199951171875
2025-07-01,CMP,21.309999465942383
2025-08-11,CMPX,3.3399999141693115
2025-09-10,CMPX,3.5199999809265137
2025-12-01,CMRE,15.529999732971191
2025-04-03,CMS,75.51000213623047
2025-09-10,CMT,20.979999542236328
2025-09-18,CMT,21.920000076293945
2025-12-11,CMTL,3.619999885559082
2025-12-22,CMTL,3.890000104904175
2025-02-25,CMTV,18.399999618530277
2025-07-30,CMTV,21.25
2025-11-04,CMTV,23.5
2025-12-10,CMTV,24.200000762939453
2025-02-07,CNDT,4.420000076293945
2025-02-18,CNH,13.300000190734863
2025-03-10,CNH,13.539999961853027
2025-01-10,CNL,4.5
2025-01-21,CNL,4.849999904632568
2025-08-26,CNL,12.369999885559082
2025-06-03,CNM,59.09000015258789
2025-06-27,CNM,60.36000061035156
2025-02-07,CNO,41.08000183105469
2025-07-16,CNOBP,23.1200008392334
2025-07-31,CNOBP,23.84000015258789
2025-10-13,CNOBP,24.149999618530277
2025-12-09,CNOBP,24.239999771118164
2025-04-01,CNP,36.79999923706055
2025-02-07,CNTA,19.030000686645508
2025-11-12,CNTA,26.700000762939453
2025-11-14,CNTA,27.61000061035156
2025-11-18,CNTA,28.36000061035156
2025-02-05,CNVS,4.260000228881836
2025-02-10,CNVS,4.510000228881836
2025-11-24,CNX,37.4900016784668
2025-12-05,CNX,40.900001525878906
2025-02-10,COCO,39.380001068115234
2025-11-17,COCO,45.43000030517578
2025-10-28,CODA,10.380000114440918
2025-09-02,COE,39.09099960327149
2025-11-26,COEP,18.799999237060547
2025-02-19,COF,209.82000732421875
2025-11-11,COHN,12.779999732971191
2025-10-24,COHR,129.33999633789062
2025-01-17,COKE,138.63699340820312
2025-11-06,COLL,40.65999984741211
2025-12-02,COLL,47.5099983215332
2025-02-21,COLM,90.73999786376952
2025-02-14,COMP,7.929999828338623
2025-03-10,COR,261.5599975585937
2025-09-18,CORT,79.80000305175781
2025-10-28,CORZ,20.09000015258789
2025-08-07,CPA,116.30999755859376
2025-08-12,CPA,120.69000244140624
2025-09-23,CPA,122.33999633789062
2025-10-14,CPA,128.07000732421875
2025-09-12,CPAC,6.849999904632568
2025-09-17,CPAC,7.059999942779541
2025-09-19,CPAC,7.190000057220459
2025-09-29,CPAC,7.199999809265137
2025-11-03,CPAC,7.570000171661377
2025-02-05,CPAY,388.6700134277344
2025-08-11,CPBI,15.260000228881836
2025-12-10,CPF,31.96999931335449
2025-04-03,CPK,133.39999389648438
2025-04-17,CPK,135.5
2025-09-08,CPNG,31.5
2025-09-11,CPNG,32.45000076293945
2025-09-15,CPNG,33.5
2025-03-21,CPRX,24.229999542236328
2025-08-01,CPS,26.34000015258789
2025-08-11,CPSH,3.319999933242798
2025-09-22,CPSH,3.650000095367432
2025-01-07,CPSS,11.279999732971191
2025-01-14,CQP,58.97999954223633
2025-01-30,CQP,63.290000915527344
2025-02-03,CQP,65.16999816894531
2025-02-20,CRAI,210.97000122070312
2025-06-26,CRBG,35.0
2025-09-04,CRDO,134.0
2025-12-02,CRDO,188.44000244140625
2025-02-06,CRH,105.19000244140624
2025-02-13,CRH,106.5
2025-09-30,CRH,119.9000015258789
2025-12-08,CRH,126.54000091552734
2025-12-11,CRH,126.98999786376952
2025-12-15,CRH,127.26000213623048
2025-09-29,CRON,2.970000028610229
2025-06-26,CRS,273.3500061035156
2025-10-23,CRS,300.2699890136719
2025-09-22,CRUS,127.27999877929688
2025-10-31,CRVS,8.039999961853027
2025-02-13,CSCO,63.84000015258789
2025-06-20,CSCO,66.31999969482422
2025-06-30,CSCO,69.37999725341797
2025-11-13,CSCO,77.37999725341797
2025-07-23,CSGP,91.0
2025-01-31,CSGS,58.790000915527344
2025-02-24,CSGS,66.13999938964844
2025-06-02,CSGS,66.33000183105469
2025-10-23,CSTM,16.700000762939453
2025-10-28,CSTM,16.90999984741211
2025-12-11,CSTM,18.530000686645508
2025-12-19,CSTM,18.76000022888184
2025-01-29,CSV,41.72999954223633
2025-08-07,CSV,47.95000076293945
2025-03-25,CTBB,18.81999969482422
2025-09-09,CTBB,20.63999938964844
2025-03-25,CTDD,19.0
2025-08-18,CTDD,20.200000762939453
2025-08-06,CTEV,51.13999938964844
2025-09-11,CTGO,22.600000381469727
2025-09-15,CTGO,24.0
2025-09-24,CTGO,24.75
2025-09-30,CTGO,24.93000030517578
2025-12-09,CTGO,27.6200008392334
2025-12-12,CTGO,27.809999465942383
2025-12-19,CTGO,28.299999237060547
2025-12-26,CTGO,29.649999618530277
2025-02-11,CTLP,10.529999732971191
2025-02-18,CTLP,11.149999618530272
2025-07-15,CTOS,5.670000076293945
2025-07-17,CTOS,5.78000020980835
2025-07-31,CTOS,6.190000057220459
2025-10-01,CTRE,35.2400016784668
2025-12-10,CTRI,26.299999237060547
2025-08-27,CTRN,36.77999877929688
2025-09-04,CTRN,38.7400016784668
2025-11-06,CTRN,39.15999984741211
2025-01-30,CTSH,82.76000213623047
2025-05-08,CTVA,66.86000061035156
2025-05-30,CTVA,70.80000305175781
2025-06-11,CTVA,72.06999969482422
2025-10-29,CUB,10.600000381469728
2025-10-31,CUB,10.619999885559082
2025-09-08,CUBB,21.649999618530277
2025-12-16,CUBB,22.170000076293945
2025-12-31,CUBB,22.222000122070312
2025-07-01,CUBI,62.130001068115234
2025-12-17,CUBI,74.6500015258789
2025-05-23,CUBWU,10.539999961853027
2025-05-28,CUBWU,10.619999885559082
2025-09-10,CUBWU,12.399999618530272
2025-01-28,CUK,25.290000915527344
2025-10-01,CVCO,587.1099853515625
2025-12-18,CVCO,614.030029296875
2025-09-09,CVI,33.130001068115234
2025-09-16,CVI,33.18000030517578
2025-02-26,CVKD,20.450000762939453
2025-02-10,CVLT,179.30999755859375
2025-05-30,CVLT,183.1499938964844
2025-07-29,CVLT,193.2700042724609
2025-07-31,CVNA,390.1700134277344
2025-09-19,CVNA,391.8900146484375
2025-01-02,CVU,4.309999942779541
2025-11-21,CWBC,22.229999542236328
2025-11-25,CWBC,22.76000022888184
2025-12-01,CWBC,22.940000534057617
2025-12-10,CWBC,23.559999465942383
2025-08-12,CWCO,32.279998779296875
2025-09-30,CWCO,35.279998779296875
2025-11-11,CWCO,37.220001220703125
2025-10-24,CWK,17.079999923706055
2025-02-18,CWST,115.01000213623048
2025-08-28,CX,9.039999961853027
2025-10-15,CX,9.829999923706056
2025-10-28,CX,10.289999961853027
2025-12-11,CX,11.1899995803833
2025-02-19,CXDO,6.269999980926514
2025-03-05,CXDO,7.159999847412109
2025-08-07,CXDO,6.630000114440918
2025-09-19,CXDO,6.96999979019165
2025-11-10,CXDO,7.199999809265137
2025-04-25,CXW,22.25
2025-08-07,CYD,25.709999084472656
2025-10-16,CYRX,10.710000038146973
2025-01-27,CZNC,21.90999984741211
2025-01-29,CZNC,22.36000061035156
2025-11-13,CZWI,16.899999618530273
2025-12-10,CZWI,18.049999237060547
2025-08-06,DAC,95.06999969482422
2025-11-18,DAC,96.38999938964844
2025-12-03,DAC,98.5199966430664
2025-07-15,DAIO,3.190000057220459
2025-01-10,DAL,66.94999694824219
2025-01-21,DAL,68.33999633789062
2025-07-02,DAN,17.780000686645508
2025-08-12,DAN,18.670000076293945
2025-10-29,DAN,21.559999465942383
2025-08-14,DAO,9.760000228881836
2025-10-06,DAO,10.289999961853027
2025-10-08,DAO,10.949999809265137
2025-02-12,DASH,200.88999938964844
2025-08-06,DASH,258.0799865722656
2025-02-06,DAVE,108.30999755859376
2025-01-14,DB,18.229999542236328
2025-01-23,DB,19.899999618530277
2025-02-25,DB,21.38999938964844
2025-03-05,DB,23.8799991607666
2025-03-14,DB,24.21999931335449
2025-03-18,DB,24.93000030517578
2025-06-16,DBD,51.400001525878906
2025-06-26,DBD,54.59000015258789
2025-07-01,DBD,56.88999938964844
2025-08-22,DBD,63.09000015258789
2025-11-05,DBD,63.2400016784668
2025-12-10,DBD,67.11000061035156
2025-12-19,DBD,68.56999969482422
2025-06-03,DC,3.3499999046325684
2025-07-07,DC,4.039999961853027
2025-07-21,DC,4.230000019073486
2025-09-03,DC,4.579999923706055
2025-09-11,DC,4.869999885559082
2025-09-15,DC,4.900000095367432
2025-10-08,DC,5.03000020980835
2025-12-03,DC,5.519999980926514
2025-01-24,DCGO,4.940000057220459
2025-10-31,DCI,84.25
2025-12-04,DCI,94.16000366210938
2025-06-26,DCO,84.7699966430664
2025-07-14,DCO,88.45999908447266
2025-07-18,DCO,90.54000091552734
2025-09-17,DCO,94.95999908447266
2025-01-13,DCTH,12.789999961853027
2025-01-16,DCTH,13.670000076293944
2025-11-13,DDS,664.0599975585938
2025-11-25,DDS,666.6099853515625
2025-12-01,DDS,682.1799926757812
2025-09-12,DDT,26.440000534057617
2025-01-23,DE,474.7200012207031
2025-02-18,DE,501.55999755859375
2025-05-15,DE,516.3200073242188
2025-10-07,DELL,150.8699951171875
2025-05-27,DERM,7.769999980926514
2025-08-12,DERM,8.539999961853027
2025-11-04,DERM,9.0
2025-11-06,DERM,9.1899995803833
2025-09-04,DFP,21.1200008392334
2025-09-10,DFP,21.32999992370605
2025-08-22,DFTX,10.1899995803833
2025-09-26,DFTX,10.670000076293944
2025-12-19,DG,137.27999877929688
2025-05-15,DGICA,20.440000534057617
2025-03-21,DGICB,16.520000457763672
2025-05-12,DGICB,17.75
2025-06-20,DGICB,19.399999618530277
2025-09-11,DGII,36.459999084472656
2025-09-18,DGII,38.11000061035156
2025-11-19,DGII,39.810001373291016
2025-11-21,DGII,40.02000045776367
2025-02-03,DGP,76.0
2025-02-24,DGP,82.16000366210938
2025-03-13,DGP,84.05999755859375
2025-03-17,DGP,84.72000122070312
2025-03-27,DGP,87.9800033569336
2025-04-02,DGP,91.56999969482422
2025-04-10,DGP,93.1500015258789
2025-04-16,DGP,103.25
2025-08-29,DGP,108.83000183105467
2025-01-30,DGX,164.1699981689453
2025-11-21,DGX,191.25
2025-01-17,DGXX,2.220000028610229
2025-09-19,DHC,4.579999923706055
2025-11-13,DHC,4.769999980926514
2025-12-09,DHC,4.880000114440918
2025-09-08,DHCNI,17.739999771118164
2025-09-11,DHCNI,18.030000686645508
2025-12-11,DHR,232.3699951171875
2025-09-04,DHT,12.270000457763672
2025-09-15,DHT,12.75
2025-09-17,DHT,12.949999809265137
2025-12-31,DIAX,15.260000228881836
2025-09-09,DINO,52.43000030517578
2025-11-10,DJP,37.2400016784668
2025-01-06,DLNG,5.539999961853027
2025-12-09,DMA,9.050000190734863
2025-02-19,DMAC,6.650000095367432
2025-11-19,DMAC,7.300000190734863
2025-11-21,DMAC,7.630000114440918
2025-12-31,DMB,10.989999771118164
2025-01-02,DMRC,40.20000076293945
2025-10-10,DNN,2.880000114440918
2025-11-14,DNTH,40.84999847412109
2025-02-05,DOCN,42.95000076293945
2025-02-18,DOCN,46.68999862670898
2025-09-09,DOMH,6.949999809265137
2025-09-23,DOMH,7.28000020980835
2025-10-03,DOMH,7.289999961853027
2025-08-27,DOMO,17.56999969482422
2025-11-25,DOO,69.69999694824219
2025-09-18,DOUG,3.109999895095825
2025-05-08,DOX,92.5500030517578
2025-08-07,DPG,12.75
2025-10-31,DQ,32.65999984741211
2025-11-07,DQ,33.5
2025-03-04,DRD,12.119999885559082
2025-08-21,DRD,16.739999771118164
2025-12-11,DRD,31.8700008392334
2025-11-14,DRDBU,10.850000381469728
2025-11-20,DRDBU,10.949999809265137
2025-03-24,DRI,208.55999755859372
2025-05-16,DRI,211.6499938964844
2025-06-20,DRI,225.77999877929688
2025-05-01,DRS,40.22999954223633
2025-06-02,DRS,43.91999816894531
2025-08-08,DRTS,3.390000104904175
2025-02-28,DRVN,17.530000686645508
2025-05-06,DRVN,18.46999931335449
2025-08-25,DRVN,18.600000381469727
2025-09-02,DRVN,19.11000061035156
2025-09-04,DRVN,19.209999084472656
2025-11-07,DSGN,7.559999942779541
2025-11-11,DSGN,7.760000228881836
2025-11-20,DSGN,7.869999885559082
2025-02-10,DSGX,122.5
2025-03-19,DTE,136.1699981689453
2025-06-26,DTM,109.87000274658205
2025-11-20,DTM,116.3499984741211
2025-09-16,DTSQ,10.489999771118164
2025-12-12,DTSQ,10.9350004196167
2025-09-24,DTSQU,10.600000381469728
2025-12-03,DTSQU,10.869999885559082
2025-12-31,DTSQU,10.947999954223633
2025-12-08,DTST,4.960000038146973
2025-03-31,DUK,121.97000122070312
2025-04-03,DUK,124.0500030517578
2025-12-11,DUKB,25.26000022888184
2025-02-04,DUOL,386.1600036621094
2025-02-13,DUOL,430.3200073242188
2025-12-30,DUOT,11.869999885559082
2025-09-11,DVS,4.429999828338623
2025-09-22,DVS,4.650000095367432
2025-01-28,DX,12.90999984741211
2025-01-30,DX,13.149999618530272
2025-02-28,DX,14.06999969482422
2025-03-07,DX,14.369999885559082
2025-06-24,DXCM,87.56999969482422
2025-01-02,DXPE,84.38999938964844
2025-01-10,DXPE,90.98999786376952
2025-12-29,DXR,14.4399995803833
2025-08-12,DY,279.989990234375
2025-11-19,DY,325.2900085449219
2025-11-21,DY,326.489990234375
2025-09-26,EA,193.3500061035156
2025-01-08,EBAY,69.4000015258789
2025-02-24,EBAY,69.98999786376953
2025-07-31,EBAY,91.75
2025-05-05,EBMT,18.229999542236328
2025-04-17,ECBK,15.539999961853027
2025-11-05,ECBK,17.690000534057617
2025-10-10,ECCC,24.1200008392334
2025-12-10,ECCC,24.530000686645508
2025-12-18,ECCC,24.8700008392334
2025-12-12,ECCU,25.40999984741211
2025-08-19,ECCV,23.51000022888184
2025-11-19,ECCV,23.631999969482425
2025-12-12,ECCV,23.770000457763672
2025-12-10,ECCW,24.739999771118164
2025-12-17,ECCW,24.81999969482422
2025-10-07,ECF,11.9399995803833
2025-11-06,ECG,98.31999969482422
2025-10-31,ECO,35.560001373291016
2025-11-18,ECO,39.619998931884766
2025-01-27,ECPG,50.2599983215332
2025-02-19,ECPG,51.25
2025-07-07,ECVT,8.65999984741211
2025-12-17,ECVT,9.390000343322754
2025-02-26,ECX,2.3299999237060547
2025-03-05,ECX,2.4100000858306885
2025-04-03,ED,112.72000122070312
2025-08-08,EDD,5.28000020980835
2025-09-16,EDD,5.550000190734863
2025-09-11,EDF,5.190000057220459
2025-10-01,EDSA,2.569999933242798
2025-10-06,EDSA,2.880000114440918
2025-08-20,EEA,10.800000190734863
2025-08-13,EFC,13.710000038146973
2025-08-20,EFC,13.84000015258789
2025-06-23,EFOI,2.25
2025-12-10,EFSI,39.86000061035156
2025-12-17,EFSI,40.150001525878906
2025-01-02,EFXT,10.18000030517578
2025-11-06,EFXT,13.369999885559082
2025-02-12,EGHT,3.2699999809265137
2025-09-26,EGO,28.850000381469727
2025-10-06,EGO,29.8700008392334
2025-10-16,EGO,30.850000381469727
2025-12-19,EGO,35.529998779296875
2025-04-09,EHC,103.1999969482422
2025-04-25,EHC,113.37000274658205
2025-06-27,EHC,122.1999969482422
2025-01-07,EICA,24.09000015258789
2025-09-22,EICA,24.7189998626709
2025-11-13,EICA,24.780000686645508
2025-11-24,EICC,25.32999992370605
2025-10-28,ELA,9.3100004196167
2025-08-27,ELAN,18.489999771118164
2025-03-25,ELE,9.520000457763672
2025-04-11,ELE,9.920000076293944
2025-06-12,ELE,11.300000190734863
2025-09-08,ELE,16.700000762939453
2025-09-26,ELE,17.350000381469727
2025-11-10,ELLO,21.21999931335449
2025-12-04,ELLO,21.75
2025-12-16,ELLO,23.8700008392334
2025-01-15,ELMD,33.720001220703125
2025-12-11,ELME,17.389999389648438
2025-10-29,ELPC,9.5600004196167
2025-05-14,ELVA,2.900000095367432
2025-06-03,ELVA,3.3399999141693115
2025-07-10,ELVA,3.7899999618530273
2025-07-15,ELVA,3.910000085830689
2025-07-01,EM,1.149999976158142
2025-08-04,EM,1.1799999475479126
2025-08-18,EM,1.2899999618530271
2025-11-05,EM,1.3899999856948853
2025-11-12,EM,1.399999976158142
2025-03-03,EMA,40.68000030517578
2025-05-30,EMA,45.86000061035156
2025-07-21,EMA,46.25
2025-01-21,EMBJ,41.52000045776367
2025-02-05,EMBJ,45.7599983215332
2025-02-27,EMBJ,47.5
2025-10-21,EMBJ,63.83000183105469
2025-10-21,EMD,10.600000381469728
2025-11-12,EMD,10.649999618530272
2025-12-16,EMD,10.84000015258789
2025-12-19,EMD,10.880000114440918
2025-09-29,EMF,16.700000762939453
2025-10-06,EMF,17.059999465942383
2025-01-17,ENB,44.5099983215332
2025-08-13,ENB,47.68000030517578
2025-05-02,ENIC,3.5799999237060547
2025-05-14,ENIC,3.9700000286102295
2025-11-12,ENIC,3.920000076293945
2025-12-12,ENIC,4.010000228881836
2025-05-29,ENLT,19.93000030517578
2025-06-18,ENLT,20.5
2025-07-01,ENLT,23.600000381469727
2025-08-18,ENLT,27.549999237060547
2025-10-08,ENLT,33.130001068115234
2025-10-27,ENLT,36.27000045776367
2025-11-28,ENLT,40.02000045776367
2025-12-22,ENLT,43.43999862670898
2025-11-05,ENSG,189.92999267578125
2025-12-19,ENTA,15.390000343322754
2025-02-05,ENVA,114.73999786376952
2025-11-25,ENVA,130.3800048828125
2025-06-30,EOD,5.389999866485596
2025-07-03,EOD,5.46999979019165
2025-07-09,EOD,5.489999771118164
2025-07-14,EOD,5.5
2025-08-12,EOD,5.739999771118164
2025-11-10,EOD,5.809999942779541
2025-12-04,EOD,5.889999866485596
2025-07-14,EOS,24.3700008392334
2025-06-20,EPR,58.29999923706055
2025-02-21,EPRX,3.650000095367432
2025-06-17,EPRX,4.269999980926514
2025-09-18,EPRX,6.039999961853027
2025-09-22,EPRX,6.650000095367432
2025-12-22,EPRX,7.0
2025-01-03,EPSN,6.550000190734863
2025-01-17,EPSN,6.610000133514404
2025-01-22,EPSN,6.619999885559082
2025-03-04,EPSN,6.659999847412109
2025-03-11,EPSN,6.940000057220459
2025-03-17,EPSN,7.25
2025-05-29,EPSN,7.300000190734863
2025-06-06,EPSN,7.389999866485596
2025-06-11,EPSN,7.989999771118164
2025-01-24,EQH,53.25
2025-01-28,EQH,53.68999862670898
2025-02-14,EQH,55.34000015258789
2025-02-19,EQT,54.2400016784668
2025-02-20,EQX,7.159999847412109
2025-04-16,EQX,7.28000020980835
2025-06-05,EQX,7.309999942779541
2025-02-18,ERH,11.260000228881836
2025-09-30,ERH,12.380000114440918
2025-10-29,ERIC,10.100000381469728
2025-12-11,ERO,25.950000762939453
2025-12-30,ERO,28.68000030517578
2025-09-19,ES,67.0
2025-04-02,ESCA,16.520000457763672
2025-02-07,ESE,158.57000732421875
2025-02-19,ESE,167.02999877929688
2025-05-08,ESE,173.8300018310547
2025-06-23,ESE,189.25999450683597
2025-08-28,ESE,203.7100067138672
2025-11-24,ESE,224.3600006103516
2025-07-29,ESEA,52.7400016784668
2025-08-13,ESEA,56.459999084472656
2025-08-15,ESEA,59.75
2025-05-16,ESGL,2.369999885559082
2025-08-08,ESHA,11.279999732971191
2025-09-08,ESHA,11.65999984741211
2025-09-12,ESHA,12.1899995803833
2025-12-10,ESHA,12.789999961853027
2025-12-30,ESHA,14.380000114440918
2025-02-18,ESLA,1.440000057220459
2025-03-03,ESLT,334.6000061035156
2025-08-04,ESLT,490.0
2025-12-17,ESLT,538.97998046875
2025-09-18,ESNT,65.4800033569336
2025-06-09,ESP,40.040000915527344
2025-06-13,ESP,40.880001068115234
2025-09-12,ESP,52.540000915527344
2025-01-07,ESQ,80.5
2025-01-31,ESQ,89.37000274658203
2025-06-23,ESQ,93.7300033569336
2025-06-27,ESQ,95.0
2025-07-01,ESQ,97.48999786376952
2025-01-30,ET,21.07999992370605
2025-10-08,ETG,21.709999084472656
2025-10-31,ETG,22.0
2025-10-03,ETO,28.030000686645508
2025-10-31,ETO,28.36000061035156
2025-12-31,ETO,30.350000381469727
2025-09-23,ETON,19.82999992370605
2025-02-18,ETR,87.4000015258789
2025-07-30,ETR,89.29000091552734
2025-12-11,ETW,9.229999542236328
2025-01-30,ETY,15.369999885559082
2025-12-10,EURK,11.0
2025-06-25,EURKU,10.8100004196167
2025-07-02,EURKU,10.899999618530272
2025-01-10,EVC,2.6700000762939453
2025-08-22,EVI,27.739999771118164
2025-09-04,EVI,27.93000030517578
2025-09-18,EVI,29.32999992370605
2025-07-22,EVLV,6.429999828338623
2025-08-15,EVLV,7.75
2025-09-23,EVRG,73.29000091552734
2025-05-30,EW,78.22000122070312
2025-07-25,EW,80.0
2025-07-29,EW,80.47000122070312
2025-10-28,EW,82.19000244140625
2025-11-03,EXAS,66.9800033569336
2025-11-18,EXAS,69.68000030517578
2025-02-28,EXC,44.20000076293945
2025-04-03,EXC,47.22999954223633
2025-03-19,EXE,108.55999755859376
2025-01-15,EXEL,37.27000045776367
2025-03-10,EXEL,39.15999984741211
2025-05-14,EXEL,44.650001525878906
2025-12-31,EXG,9.529999732971191
2025-09-19,EXK,6.760000228881836
2025-11-04,EXPD,135.72999572753906
2025-11-10,EXPD,140.44000244140625
2025-11-17,EXPD,142.22999572753906
2025-02-07,EXPE,202.3699951171875
2025-11-07,EXPE,258.25
2025-11-12,EXPE,273.6499938964844
2025-09-18,EYE,26.43000030517578
2025-09-30,EYPT,14.239999771118164
2025-02-07,EZPW,13.43000030517578
2025-02-11,EZPW,13.960000038146973
2025-03-24,EZPW,14.890000343322754
2025-03-26,EZPW,14.989999771118164
2025-04-01,EZPW,15.520000457763672
2025-04-03,EZPW,15.779999732971191
2025-04-24,EZPW,16.3799991607666
2025-09-18,EZPW,17.889999389648438
2025-09-26,F,12.010000228881836
2025-10-03,F,12.670000076293944
2025-10-24,F,13.84000015258789
2025-02-13,FA,20.01000022888184
2025-12-31,FACT,10.40999984741211
2025-07-14,FAST,45.06999969482422
2025-09-16,FAX,16.799999237060547
2025-01-31,FBIZ,51.65999984741211
2025-12-18,FBIZ,57.970001220703125
2025-11-24,FBLA,12.489999771118164
2025-12-03,FBLA,12.880000114440918
2025-12-08,FBLA,13.039999961853027
2025-03-05,FCAP,38.77999877929688
2025-04-09,FCAP,39.90999984741211
2025-04-15,FCAP,39.93999862670898
2025-04-22,FCAP,41.36000061035156
2025-12-03,FCAP,50.43999862670898
2025-12-08,FCAP,54.4900016784668
2025-01-27,FCCO,26.25
2025-02-04,FCCO,26.399999618530277
2025-02-07,FCCO,26.43000030517578
2025-12-10,FCCO,30.0
2025-03-31,FCFS,120.31999969482422
2025-06-26,FCFS,137.6300048828125
2025-08-22,FCFS,144.3800048828125
2025-09-30,FCFS,158.4199981689453
2025-11-05,FCFS,162.17999267578125
2025-01-23,FCO,6.329999923706055
2025-07-30,FCO,6.559999942779541
2025-01-29,FCRX,24.63999938964844
2025-11-25,FCRX,25.15999984741211
2025-12-19,FCX,49.150001525878906
2025-08-26,FDSB,13.850000381469728
2025-12-03,FDSB,13.989999771118164
2025-12-08,FDSB,14.06999969482422
2025-12-11,FDSB,14.149999618530272
2025-12-26,FDSB,15.020000457763672
2025-12-18,FDX,287.1199951171875
2025-09-30,FE,45.81999969482422
2025-04-25,FEIM,18.809999465942383
2025-05-21,FEIM,18.88999938964844
2025-05-27,FEIM,20.440000534057617
2025-06-17,FEIM,22.34000015258789
2025-06-27,FEIM,23.280000686645508
2025-01-23,FER,43.869998931884766
2025-03-05,FER,46.220001220703125
2025-04-24,FER,47.84000015258789
2025-05-14,FER,51.0
2025-08-13,FER,54.310001373291016
2025-08-20,FER,55.400001525878906
2025-08-22,FER,55.970001220703125
2025-09-08,FER,56.040000915527344
2025-09-10,FER,56.33000183105469
2025-09-22,FER,58.560001373291016
2025-09-30,FER,58.59999847412109
2025-10-02,FER,59.97999954223633
2025-10-06,FER,60.2599983215332
2025-10-14,FER,62.14500045776367
2025-10-16,FER,63.09999847412109
2025-12-08,FER,66.68000030517578
2025-12-11,FER,66.75
2025-12-15,FER,67.44999694824219
2025-09-04,FERG,238.1699981689453
2025-08-08,FET,22.170000076293945
2025-08-27,FET,25.51000022888184
2025-09-10,FET,27.31999969482422
2025-09-23,FET,27.670000076293945
2025-12-09,FET,35.29999923706055
2025-12-17,FET,36.08000183105469
2025-12-31,FFA,22.020000457763672
2025-09-15,FFC,16.670000076293945
2025-12-10,FFIC,16.989999771118164
2025-01-29,FFIV,300.4599914550781
2025-07-31,FFIV,313.4200134277344
2025-08-04,FFIV,321.0
2025-08-12,FFIV,326.4700012207031
2025-10-08,FFIV,342.5799865722656
2025-10-14,FFIV,343.1700134277344
2025-07-21,FGNXP,18.979999542236328
2025-07-30,FGNXP,20.01000022888184
2025-08-11,FGNXP,20.170000076293945
2025-08-04,FHI,51.040000915527344
2025-07-17,FHN,22.209999084472656
2025-07-22,FHN,22.440000534057617
2025-07-25,FHN,22.809999465942383
2025-11-07,FIGS,8.550000190734863
2025-01-21,FINV,7.21999979019165
2025-01-24,FINV,7.659999847412109
2025-02-06,FINV,7.980000019073486
2025-02-04,FINW,19.690000534057617
2025-02-07,FINW,20.6299991607666
2025-11-25,FISI,30.76000022888184
2025-02-05,FISV,229.52999877929688
2025-02-18,FISV,236.27999877929688
2025-03-03,FISV,237.7899932861328
2025-08-27,FIVE,144.41000366210938
2025-12-04,FIVE,168.4199981689453
2025-09-10,FIX,752.0999755859375
2025-01-06,FKWL,5.0
2025-01-27,FKWL,5.199999809265137
2025-02-11,FKWL,5.5
2025-10-29,FLEX,66.0999984741211
2025-12-08,FLEX,67.54000091552734
2025-10-20,FLGT,23.84000015258789
2025-11-07,FLGT,26.36000061035156
2025-01-16,FLS,62.75
2025-02-14,FLUT,298.8099975585937
2025-04-03,FMS,25.65999984741211
2025-05-06,FMS,27.40999984741211
2025-05-15,FMS,28.399999618530277
2025-10-06,FMST,3.5
2025-10-13,FMST,3.7699999809265137
2025-08-28,FMY,12.350000381469728
2025-08-28,FN,355.04998779296875
2025-11-04,FN,459.6000061035156
2025-03-12,FNV,147.14999389648438
2025-04-03,FNV,158.72000122070312
2025-04-11,FNV,166.25
2025-04-21,FNV,173.17999267578125
2025-09-10,FNV,198.72999572753903
2025-09-19,FNV,213.92999267578125
2025-10-23,FNWD,33.220001220703125
2025-10-29,FNWD,33.790000915527344
2025-11-13,FNWD,35.36000061035156
2025-11-25,FNWD,37.20000076293945
2025-12-03,FNWD,39.93000030517578
2025-12-30,FOF,13.31999969482422
2025-02-05,FORTY,96.54000091552734
2025-02-14,FORTY,99.12000274658205
2025-06-16,FORTY,110.23999786376952
2025-09-05,FORTY,136.7899932861328
2025-09-12,FORTY,149.08999633789062
2025-10-09,FORTY,150.0
2025-11-12,FORTY,158.5
2025-11-18,FORTY,161.0500030517578
2025-12-10,FORTY,174.69000244140625
2025-12-18,FORTY,184.16000366210935
2025-07-22,FOSL,1.7799999713897705
2025-02-18,FOUR,125.66000366210938
2025-12-19,FOX,63.59999847412109
2025-02-12,FOXA,54.70000076293945
2025-08-04,FOXA,56.97999954223633
2025-10-30,FOXA,65.51000213623047
2025-12-22,FOXA,73.62000274658203
2025-07-10,FPH,6.039999961853027
2025-07-14,FPH,6.25
2025-02-04,FRAF,34.790000915527344
2025-02-14,FRAF,37.77999877929688
2025-04-21,FRAF,38.59999847412109
2025-07-18,FRAF,40.2400016784668
2025-11-20,FRAF,48.97999954223633
2025-12-10,FRAF,54.09000015258789
2025-12-18,FRAF,56.52000045776367
2025-08-22,FRBA,16.610000610351562
2025-12-11,FRBA,16.989999771118164
2025-08-11,FRD,17.40999984741211
2025-08-25,FRD,18.57999992370605
2025-05-13,FRHC,163.61000061035156
2025-10-15,FRMEP,25.93000030517578
2025-09-05,FRO,22.149999618530277
2025-10-23,FRO,24.350000381469727
2025-11-21,FRO,25.899999618530277
2025-06-02,FROG,44.54999923706055
2025-07-30,FROG,45.13999938964844
2025-08-21,FROG,46.88999938964844
2025-08-27,FROG,48.9900016784668
2025-09-08,FROG,50.43000030517578
2025-11-07,FROG,60.0
2025-12-05,FROG,64.7699966430664
2025-12-10,FRST,12.630000114440918
2025-12-31,FRST,13.90999984741211
2025-01-07,FSCO,6.869999885559082
2025-07-22,FSCO,7.389999866485596
2025-01-30,FSEA,10.25
2025-02-04,FSEA,10.420000076293944
2025-02-10,FSEA,10.43000030517578
2025-03-07,FSEA,10.979999542236328
2025-11-14,FSEA,11.949999809265137
2025-11-26,FSEA,12.609999656677246
2025-12-19,FSEA,14.18000030517578
2025-08-18,FSHP,10.510000228881836
2025-08-29,FSHP,10.5600004196167
2025-10-28,FSHP,10.729999542236328
2025-11-05,FSHP,10.8100004196167
2025-05-14,FSHPU,10.699999809265137
2025-05-27,FSHPU,10.779999732971191
2025-06-23,FSHPU,11.0
2025-10-15,FSLR,244.3999938964844
2025-10-31,FSLR,266.94000244140625
2025-11-05,FSLR,277.3900146484375
2025-12-22,FSLR,284.5899963378906
2025-06-02,FSM,6.559999942779541
2025-08-29,FSM,7.699999809265137
2025-09-08,FSM,7.840000152587891
2025-09-10,FSM,7.880000114440918
2025-09-22,FSM,8.510000228881836
2025-09-25,FSM,8.5600004196167
2025-10-06,FSM,8.970000267028809
2025-10-08,FSM,9.380000114440918
2025-07-08,FSS,111.0500030517578
2025-07-30,FSS,123.9499969482422
2025-08-12,FSS,129.8000030517578
2025-02-12,FSUN,43.970001220703125
2025-10-30,FTAI,186.75999450683597
2025-12-30,FTAI,197.67999267578125
2025-01-16,FTI,32.560001373291016
2025-07-24,FTI,37.540000915527344
2025-09-10,FTI,40.88999938964844
2025-10-23,FTI,40.91999816894531
2025-03-17,FTK,10.210000038146973
2025-10-01,FTK,15.470000267028809
2025-02-07,FTNT,107.66000366210938
2025-08-01,FTS,49.88999938964844
2025-08-20,FTS,50.84999847412109
2025-12-17,FTW,10.479999542236328
2025-07-30,FUBO,4.159999847412109
2025-10-28,FULC,10.0
2025-02-06,FUNC,36.560001373291016
2025-10-10,FURY,0.7229999899864197
2025-01-02,FUSE,11.550000190734863
2025-01-07,FUSE,11.600000381469728
2025-01-13,FUSE,11.90999984741211
2025-01-15,FUSE,12.100000381469728
2025-06-23,FUSE,11.970000267028809
2025-07-01,FUSE,12.050000190734863
2025-10-17,FUSE,15.0
2025-06-25,FUTU,124.33000183105467
2025-07-08,FUTU,130.52999877929688
2025-08-20,FUTU,178.66000366210938
2025-11-25,FVNNU,10.800000190734863
2025-02-06,FWONA,92.5199966430664
2025-06-18,FWONA,92.08999633789062
2025-02-06,FWONK,100.0500030517578
2025-02-06,FXNC,26.65999984741211
2025-01-28,G,47.63999938964844
2025-02-07,G,54.95000076293945
2025-03-24,GAB,5.670000076293945
2025-06-02,GAIN,15.260000228881836
2025-12-11,GAINI,25.780000686645508
2025-12-15,GAINI,25.799999237060547
2025-12-23,GAINI,25.81999969482422
2025-04-04,GAINN,25.1200008392334
2025-10-30,GAINZ,24.0
2025-12-04,GALT,6.300000190734863
2025-08-19,GAM,59.130001068115234
2025-08-22,GAM,59.9900016784668
2025-08-29,GAM,60.09999847412109
2025-10-30,GAM,63.75
2025-11-11,GAM,63.77000045776367
2025-02-06,GAMB,15.989999771118164
2025-11-25,GAP,26.600000381469727
2025-12-19,GAP,28.020000457763672
2025-08-18,GASS,7.099999904632568
2025-08-21,GASS,7.170000076293945
2025-08-27,GASS,7.659999847412109
2025-01-23,GBX,70.37999725341797
2025-02-10,GCMG,14.06999969482422
2025-02-18,GCMG,14.149999618530272
2025-11-07,GCT,33.11000061035156
2025-11-21,GCT,34.880001068115234
2025-10-24,GD,350.7699890136719
2025-01-28,GDDY,214.3500061035156
2025-02-14,GDL,8.34000015258789
2025-07-28,GDL,8.430000305175781
2025-08-20,GDL,8.449999809265137
2025-09-05,GDL,8.619999885559082
2025-09-16,GDO,12.09000015258789
2025-09-22,GDO,12.109999656677246
2025-01-06,GDS,25.399999618530277
2025-07-14,GDS,35.0
2025-09-11,GDS,38.5
2025-09-17,GDS,40.13999938964844
2025-09-24,GDS,40.66999816894531
2025-12-19,GDV,27.600000381469727
2025-01-23,GE,200.8000030517578
2025-10-21,GE,306.6300048828125
2025-12-22,GE,314.7300109863281
2025-02-18,GECC,11.060999870300291
2025-03-04,GECC,11.34000015258789
2025-08-13,GECC,11.125
2025-08-18,GECC,11.18000030517578
2025-09-05,GECC,11.289999961853027
2025-08-21,GECCH,25.600000381469727
2025-09-12,GECCI,25.71199989318848
2025-01-28,GECCO,25.290000915527344
2025-03-27,GECCO,25.350000381469727
2025-06-10,GECCO,27.19499969482422
2025-05-16,GEG,2.0199999809265137
2025-09-02,GEG,2.559999942779541
2025-12-17,GEGGL,24.875
2025-06-24,GEL,16.940000534057617
2025-06-26,GEL,17.25
2025-03-20,GENI,10.050000190734863
2025-07-18,GENI,11.369999885559082
2025-08-01,GENI,11.68000030517578
2025-10-21,GEOS,23.920000076293945
2025-06-27,GEV,519.6599731445312
2025-12-10,GEV,723.0
2025-05-20,GF,11.140000343322754
2025-03-07,GFI,20.190000534057617
2025-03-11,GFI,20.530000686645508
2025-03-28,GFI,21.90999984741211
2025-04-10,GFI,23.399999618530277
2025-08-04,GFI,28.299999237060547
2025-08-29,GFI,33.47999954223633
2025-03-05,GFL,47.36000061035156
2025-03-19,GFL,48.0099983215332
2025-09-22,GGN,5.039999961853027
2025-09-29,GGN,5.159999847412109
2025-12-22,GGN,5.260000228881836
2025-08-12,GGZ,13.979999542236328
2025-08-22,GGZ,14.25
2025-09-15,GGZ,14.510000228881836
2025-12-26,GGZ,15.029999732971191
2025-06-27,GH,50.86000061035156
2025-08-08,GH,54.22999954223633
2025-10-29,GH,72.2699966430664
2025-04-02,GHC,1003.530029296875
2025-01-03,GHM,47.2599983215332
2025-02-05,GHM,49.720001220703125
2025-08-04,GHM,57.43000030517578
2025-10-14,GHM,60.43000030517578
2025-11-12,GHRS,15.0
2025-01-24,GHY,13.239999771118164
2025-01-30,GIB,119.01000213623048
2025-02-13,GIB,122.43000030517578
2025-01-27,GIBO,2256.0
2025-02-25,GIBO,2274.0
2025-03-27,GIBO,2324.0
2025-04-25,GIBO,2482.0
2025-09-08,GIC,38.459999084472656
2025-09-29,GIG,10.520000457763672
2025-10-06,GIG,10.699999809265137
2025-10-14,GIG,11.630000114440918
2025-07-22,GIGGU,10.550000190734863
2025-09-29,GIGGU,11.0
2025-10-03,GIGGU,11.100000381469728
2025-10-07,GIGGU,11.279999732971191
2025-01-06,GIGM,1.7000000476837158
2025-03-25,GIGM,1.7400000095367432
2025-03-28,GIGM,1.7599999904632568
2025-12-15,GIII,31.809999465942383
2025-12-17,GIII,32.06999969482422
2025-02-19,GIL,53.900001525878906
2025-08-13,GIL,54.93000030517578
2025-02-03,GILD,98.37999725341795
2025-02-12,GILD,103.30999755859376
2025-02-24,GILD,111.02999877929688
2025-08-08,GILD,119.41000366210938
2025-10-17,GILD,122.80999755859376
2025-02-19,GILT,7.78000020980835
2025-08-21,GILT,9.510000228881836
2025-12-03,GJH,9.989999771118164
2025-11-26,GJS,23.290000915527344
2025-12-12,GJS,23.420000076293945
2025-02-20,GJT,22.959999084472656
2025-02-28,GL,127.43000030517578
2025-07-24,GL,131.52000427246094
2025-07-29,GL,143.27000427246094
2025-02-10,GLBE,61.81999969482422
2025-12-08,GLDD,13.260000228881836
2025-01-02,GLNG,43.84000015258789
2025-02-04,GLP,58.0099983215332
2025-10-01,GLQ,7.659999847412109
2025-10-08,GLQ,7.760000228881836
2025-08-25,GLU,17.989999771118164
2025-10-16,GLU,18.32999992370605
2025-11-12,GLU,18.3700008392334
2025-11-26,GLU,18.459999084472656
2025-10-07,GLV,6.0
2025-10-30,GLV,6.099999904632568
2025-11-10,GLV,6.179999828338623
2025-07-23,GLW,55.79999923706055
2025-07-29,GLW,61.97999954223633
2025-08-28,GLW,68.93000030517578
2025-09-03,GLW,69.33999633789062
2025-09-18,GLW,79.62000274658203
2025-10-29,GLW,90.29000091552734
2025-10-21,GM,66.62000274658203
2025-10-24,GM,69.66000366210938
2025-10-28,GM,69.87000274658203
2025-12-19,GM,82.3499984741211
2025-09-02,GMAB,25.88999938964844
2025-09-30,GMAB,30.670000076293945
2025-01-08,GMED,86.55000305175781
2025-01-17,GMED,90.8000030517578
2025-09-12,GNLX,3.950000047683716
2025-09-16,GNLX,4.090000152587891
2025-09-19,GNLX,4.159999847412109
2025-09-23,GNLX,4.340000152587891
2025-05-09,GNT,6.150000095367432
2025-08-29,GNT,6.829999923706055
2025-09-05,GNT,6.889999866485596
2025-09-11,GNT,7.0
2025-09-23,GNT,7.03000020980835
2025-10-15,GNT,7.210000038146973
2025-11-12,GNT,7.239999771118164
2025-09-19,GNW,9.029999732971191
2025-01-21,GOCO,15.0600004196167
2025-12-10,GOLF,84.68000030517578
2025-02-04,GOOG,207.7100067138672
2025-11-19,GOOG,292.989990234375
2025-11-21,GOOG,299.6499938964844
2025-02-04,GOOGL,206.3800048828125
2025-11-19,GOOGL,292.8099975585937
2025-11-21,GOOGL,299.6600036621094
2025-07-01,GORO,0.6600000262260437
2025-06-10,GPAT,10.59000015258789
2025-10-14,GPAT,10.654999732971191
2025-11-04,GPAT,10.699999809265137
2025-04-28,GPATU,10.470000267028809
2025-05-02,GPATU,10.479999542236328
2025-05-13,GPATU,10.699999809265137
2025-09-19,GPATU,10.720000267028809
2025-08-27,GPC,139.85000610351562
2025-09-04,GPC,141.25
2025-02-18,GPGI,14.19435214996338
2025-11-04,GPGI,21.13999938964844
2025-02-05,GPI,471.6300048828125
2025-07-10,GPI,480.1300048828125
2025-09-18,GRAB,6.349999904632568
2025-09-19,GRAF,10.550000190734863
2025-10-31,GRAF,10.649999618530272
2025-11-11,GRAF,10.678000450134276
2025-11-13,GRAF,10.68000030517578
2025-11-19,GRAF,10.6899995803833
2025-11-25,GRAF,10.710000038146973
2025-11-11,GRDN,31.25
2025-12-15,GREEL,18.149999618530277
2025-12-18,GREEL,18.190000534057617
2025-10-17,GRF,11.109999656677246
2025-12-12,GRF,11.5
2025-12-16,GRF,11.56999969482422
2025-02-19,GRMN,241.92999267578125
2025-08-28,GRMN,241.0500030517578
2025-02-12,GRND,18.51000022888184
2025-02-24,GRND,19.030000686645508
2025-06-02,GROY,1.909999966621399
2025-08-04,GROY,2.819999933242798
2025-10-08,GROY,4.070000171661377
2025-01-16,GS,612.989990234375
2025-09-30,GSK,43.15999984741211
2025-10-23,GSK,45.540000915527344
2025-10-29,GSK,45.93000030517578
2025-08-06,GSL,30.34000015258789
2025-11-10,GSL,34.65999984741211
2025-11-17,GSL,34.709999084472656
2025-12-01,GSL,35.65999984741211
2025-12-08,GSL,36.4900016784668
2025-06-09,GT,11.779999732971191
2025-02-06,GTES,23.21999931335449
2025-01-28,GTLB,72.75
2025-01-31,GTLB,72.76000213623047
2025-12-29,GTLS,206.1499938964844
2025-10-06,GTN-A,11.899999618530272
2025-08-20,GTX,13.149999618530272
2025-08-22,GTX,13.34000015258789
2025-09-18,GTX,13.5600004196167
2025-09-23,GTX,13.989999771118164
2025-10-23,GTX,14.93000030517578
2025-11-10,GUT,6.090000152587891
2025-06-03,GWRE,218.17999267578125
2025-09-05,GWRE,260.7099914550781
2025-10-31,GXO,56.209999084472656
2025-02-06,H,166.33999633789062
2025-10-22,HAFC,26.459999084472656
2025-12-10,HAFC,29.1299991607666
2025-09-19,HALO,77.80999755859375
2025-12-11,HAS,83.95999908447266
2025-10-29,HAYW,17.170000076293945
2025-02-04,HBCP,51.65999984741211
2025-07-01,HBCP,53.2400016784668
2025-12-12,HBCP,60.310001373291016
2025-10-24,HCA,447.0400085449219
2025-11-21,HCA,491.0
2025-02-28,HCI,131.66000366210938
2025-09-08,HCI,174.89999389648438
2025-06-16,HCSG,14.90999984741211
2025-06-27,HCSG,14.93000030517578
2025-09-30,HCSG,16.829999923706055
2025-10-22,HCSG,18.850000381469727
2025-12-11,HCSG,19.40999984741211
2025-12-19,HCSG,19.540000915527344
2025-10-08,HCXY,25.559999465942383
2025-10-14,HCXY,25.700000762939453
2025-07-21,HDB,39.22999954223633
2025-07-31,HDSN,9.390000343322754
2025-08-22,HE,12.199999809265137
2025-08-04,HEI,337.5599975585937
2025-12-22,HEI,334.5799865722656
2025-05-28,HEI-A,233.0200042724609
2025-06-17,HEI-A,239.1000061035156
2025-11-14,HEQ,10.869999885559082
2025-12-04,HEQ,11.039999961853027
2025-03-14,HERZ,26.5
2025-01-29,HESM,41.70000076293945
2025-02-11,HFBL,13.6899995803833
2025-04-09,HFBL,13.729999542236328
2025-10-08,HFBL,14.279999732971191
2025-10-24,HFBL,14.600000381469728
2025-12-10,HFBL,18.010000228881836
2025-03-04,HG,19.8700008392334
2025-11-05,HG,25.989999771118164
2025-11-12,HG,26.5
2025-11-21,HG,26.96999931335449
2025-03-11,HGLB,8.359999656677246
2025-09-30,HGLB,9.09000015258789
2025-10-02,HGLB,9.9399995803833
2025-10-31,HGLB,10.18000030517578
2025-07-23,HGV,51.150001525878906
2025-12-01,HHH,89.8499984741211
2025-12-15,HIG,138.6699981689453
2025-10-14,HII,291.94000244140625
2025-10-30,HII,319.07000732421875
2025-11-11,HII,324.19000244140625
2025-12-19,HII,336.6400146484375
2025-03-03,HIO,4.070000171661377
2025-03-05,HIO,4.110000133514404
2025-03-07,HIO,4.130000114440918
2025-08-06,HIPO,31.540000915527344
2025-11-05,HIPO,37.84999847412109
2025-07-02,HLI,183.47000122070312
2025-05-02,HLN,10.699999809265137
2025-02-06,HLT,270.3900146484375
2025-12-17,HLT,293.0
2025-05-16,HMN,43.540000915527344
2025-03-28,HMY,14.0600004196167
2025-09-19,HMY,16.8799991607666
2025-02-28,HNNAZ,24.600000381469727
2025-03-27,HNNAZ,24.989999771118164
2025-04-16,HNRG,13.979999542236328
2025-08-07,HNRG,19.96999931335449
2025-11-11,HNRG,23.809999465942383
2025-12-15,HOLX,75.19000244140625
2025-09-08,HOOD,117.27999877929688
2025-09-29,HOOD,136.72000122070312
2025-09-10,HOTH,1.6100000143051147
2025-09-18,HRTG,25.43000030517578
2025-11-07,HRTG,29.540000915527344
2025-08-15,HSAI,25.59000015258789
2025-08-26,HSAI,26.670000076293945
2025-09-08,HSAI,28.51000022888184
2025-01-15,HSBC,50.040000915527344
2025-01-27,HSBC,52.09999847412109
2025-02-18,HSBC,56.880001068115234
2025-02-25,HSBC,57.77000045776367
2025-02-28,HSBC,59.90999984741211
2025-12-10,HSBC,74.08000183105469
2025-09-12,HSHP,8.5
2025-09-18,HSHP,8.760000228881836
2025-09-23,HSHP,8.770000457763672
2025-12-01,HSHP,9.25
2025-11-28,HSPTU,10.75
2025-02-10,HSTM,33.5
2025-09-16,HSY,193.4499969482422
2025-07-01,HTB,38.0
2025-09-18,HTB,42.59000015258789
2025-12-16,HTB,45.81999969482422
2025-11-25,HTBK,11.06999969482422
2025-12-10,HTBK,11.90999984741211
2025-12-22,HTBK,12.529999732971191
2025-03-28,HTD,23.770000457763672
2025-09-30,HTD,24.799999237060547
2025-02-14,HTFC,24.68000030517578
2025-06-27,HTFC,24.700000762939453
2025-11-19,HTFC,24.959999084472656
2025-12-10,HTH,35.27000045776367
2025-02-14,HTT,3.2799999713897705
2025-06-27,HTT,3.0899999141693115
2025-07-07,HTT,3.299999952316284
2025-02-10,HUBS,805.5700073242188
2025-02-13,HUBS,819.7100219726562
2025-01-30,HURN,132.77000427246094
2025-02-26,HURN,148.17999267578125
2025-05-27,HURN,153.61000061035156
2025-10-29,HURN,169.61000061035156
2025-12-19,HURN,180.6300048828125
2025-12-01,HVT,24.280000686645508
2025-12-10,HVT,24.520000457763672
2025-12-15,HVT,25.030000686645508
2025-12-18,HVT,25.11000061035156
2025-12-10,HVT-A,24.84000015258789
2025-12-19,HVT-A,26.13999938964844
2025-02-13,HWBK,35.36000061035156
2025-12-16,HWBK,35.11000061035156
2025-01-15,HWM,121.86000061035156
2025-02-14,HWM,133.4199981689453
2025-05-01,HWM,148.02999877929688
2025-06-26,HWM,176.85000610351562
2025-10-31,HWM,205.9499969482422
2025-12-08,HXL,78.61000061035156
2025-02-11,HYAC,10.859999656677246
2025-05-01,HYAC,11.06999969482422
2025-07-16,HYAC,11.130000114440918
2025-06-03,HYMC,3.690000057220459
2025-09-15,IAE,7.289999961853027
2025-01-30,IAG,6.289999961853027
2025-02-03,IAG,6.440000057220459
2025-02-05,IAG,6.480000019073486
2025-02-12,IAG,6.610000133514404
2025-04-10,IAG,6.880000114440918
2025-09-03,IBAC,10.550000190734863
2025-09-10,IBAC,10.574999809265137
2025-09-15,IBAC,10.59000015258789
2025-02-07,IBEX,24.489999771118164
2025-05-09,IBEX,30.549999237060547
2025-02-03,IBIO,3.130000114440918
2025-01-22,IBKR,52.44499969482422
2025-01-24,IBKR,54.747501373291016
2025-01-30,IBKR,54.79249954223633
2025-02-03,IBKR,55.869998931884766
2025-02-05,IBKR,58.36249923706055
2025-07-18,IBKR,64.05000305175781
2025-01-30,IBM,258.2699890136719
2025-02-03,IBM,260.7300109863281
2025-10-24,IBM,307.4599914550781
2025-05-30,ICE,179.8000030517578
2025-08-04,ICE,188.4499969482422
2025-02-20,ICL,6.230000019073486
2025-02-25,ICL,6.449999809265137
2025-06-04,ICL,6.980000019073486
2025-10-03,IDA,132.38999938964844
2025-02-06,IDCC,211.7899932861328
2025-07-30,IDCC,245.17999267578125
2025-08-04,IDCC,270.45001220703125
2025-11-03,IDCC,396.5400085449219
2025-11-13,IDN,6.179999828338623
2025-03-24,IDT,52.22999954223633
2025-11-03,IDXX,722.9400024414062
2025-11-21,IDXX,725.9099731445312
2025-10-27,IDYA,32.369998931884766
2025-06-23,IESC,281.3900146484375
2025-06-27,IESC,291.7300109863281
2025-09-10,IESC,381.1900024414063
2025-10-24,IESC,436.9800109863281
2025-02-13,IFRX,2.700000047683716
2025-01-31,IFS,29.780000686645508
2025-06-12,IFS,36.97999954223633
2025-08-12,IFS,39.75
2025-03-28,IGA,9.84000015258789
2025-04-23,IGA,9.850000381469728
2025-07-18,IGD,5.860000133514404
2025-09-15,IGD,6.0
2025-06-30,IH,2.5
2025-08-13,IHD,5.96999979019165
2025-09-10,IHD,6.059999942779541
2025-09-30,IHD,6.269999980926514
2025-01-28,IHG,133.57000732421875
2025-02-06,IHG,136.44000244140625
2025-12-17,IHG,141.47999572753906
2025-03-18,IHS,4.429999828338623
2025-05-06,IHS,5.440000057220459
2025-07-01,IHS,6.340000152587891
2025-12-10,IHS,7.75
2025-01-06,IHT,2.509999990463257
2025-07-02,III,4.989999771118164
2025-07-08,III,5.210000038146973
2025-09-22,III,5.619999885559082
2025-11-03,III,6.070000171661377
2025-12-10,III,6.099999904632568
2025-02-07,IIIV,28.21999931335449
2025-08-08,IIIV,31.709999084472656
2025-12-09,ILMN,132.1300048828125
2025-06-12,IMAX,28.600000381469727
2025-09-02,IMAX,29.299999237060547
2025-11-25,IMCR,39.869998931884766
2025-12-03,IMKTA,77.62999725341797
2025-12-03,IMNM,19.3700008392334
2025-11-10,IMO,95.5199966430664
2025-11-10,IMPP,5.920000076293945
2025-11-24,IMPP,6.349999904632568
2025-12-23,IMPPP,27.13999938964844
2025-09-12,IMSR,12.0649995803833
2025-12-12,IMVT,26.420000076293945
2025-12-16,IMVT,26.61000061035156
2025-08-22,INBX,25.0
2025-11-25,INDB,73.75
2025-06-30,INDV,14.739999771118164
2025-07-22,INDV,16.18000030517578
2025-07-25,INDV,17.139999389648438
2025-10-30,INDV,29.1299991607666
2025-07-23,ING,23.799999237060547
2025-07-31,INOD,54.900001525878906
2025-02-13,INSE,10.93000030517578
2025-11-24,INSM,206.92999267578125
2025-11-06,INSW,52.369998931884766
2025-02-04,INTA,73.51000213623047
2025-12-02,INTC,43.470001220703125
2025-08-07,INTR,7.71999979019165
2025-08-12,INTR,8.220000267028809
2025-10-23,INTR,9.550000190734863
2025-11-11,INTR,10.020000457763672
2025-05-12,IOR,18.600000381469727
2025-07-11,IOR,19.479999542236328
2025-01-24,IP,60.09000015258789
2025-02-26,IPAR,144.5399932861328
2025-11-05,IPGP,88.94999694824219
2025-10-27,IPHA,2.380000114440918
2025-03-17,IPI,29.18000030517578
2025-03-24,IPI,30.31999969482422
2025-04-24,IPI,33.130001068115234
2025-09-17,IPM,2.369999885559082
2025-12-09,IRD,2.390000104904175
2025-02-13,IRDM,31.989999771118164
2025-02-18,IRDM,32.459999084472656
2025-01-08,IRMD,58.209999084472656
2025-06-27,IRMD,60.84000015258789
2025-07-02,IRMD,61.540000915527344
2025-08-01,IRMD,66.16999816894531
2025-09-11,IRMD,74.2699966430664
2025-10-07,IRMD,74.37000274658203
2025-10-22,IRMD,77.58000183105469
2025-10-28,IRMD,79.79000091552734
2025-11-03,IRMD,84.11000061035156
2025-11-19,IRON,90.73999786376952
2025-11-21,IRON,92.5999984741211
2025-08-12,IROQ,25.049999237060547
2025-09-18,IROQ,25.93000030517578
2025-09-29,IROQ,26.209999084472656
2025-05-02,IRTC,131.1199951171875
2025-08-01,IRTC,164.97000122070312
2025-08-13,IRTC,166.86000061035156
2025-09-08,IRTC,187.07000732421875
2025-10-31,IRTC,187.3000030517578
2025-04-25,ISBA,26.0
2025-05-19,ISBA,27.799999237060547
2025-06-09,ISBA,29.149999618530277
2025-11-21,ISBA,44.400001525878906
2025-12-04,ISBA,46.7400016784668
2025-12-09,ISBA,48.9900016784668
2025-01-15,ISRG,580.1099853515625
2025-01-14,ISSC,8.859999656677246
2025-10-24,ISTR,24.739999771118164
2025-01-28,ITGR,144.36000061035156
2025-08-18,ITRG,1.919999957084656
2025-01-02,ITRN,31.46999931335449
2025-01-21,ITRN,33.16999816894531
2025-02-05,ITRN,34.060001373291016
2025-02-14,ITRN,35.58000183105469
2025-07-10,ITRN,40.060001373291016
2025-12-05,ITRN,41.08000183105469
2025-10-29,ITT,195.47000122070312
2025-08-12,ITUB,6.893204212188721
2025-12-02,ITUB,7.660193920135498
2025-04-21,IVA,3.559999942779541
2025-01-28,IVZ,19.34000015258789
2025-12-04,IVZ,25.209999084472656
2025-10-20,J,162.57000732421875
2025-02-05,JAKK,32.459999084472656
2025-02-19,JAKK,34.93000030517578
2025-02-11,JAZZ,129.97999572753906
2025-02-25,JAZZ,139.6699981689453
2025-06-16,JBL,180.82000732421875
2025-09-22,JBL,233.22999572753903
2025-02-25,JBTM,135.1999969482422
2025-08-05,JBTM,139.75999450683594
2025-12-10,JBTM,153.8000030517578
2025-02-06,JCI,88.0
2025-02-10,JCI,89.5199966430664
2025-07-23,JCI,110.12999725341795
2025-11-05,JCI,120.86000061035156
2025-02-21,JD,42.41999816894531
2025-02-26,JD,42.52999877929688
2025-03-05,JD,43.7599983215332
2025-02-05,JHG,45.93999862670898
2025-12-22,JHG,47.45000076293945
2025-10-09,JHS,11.90999984741211
2025-11-10,JKS,29.65999984741211
2025-11-17,JKS,30.57999992370605
2025-09-22,JL,6.699999809265137
2025-12-18,JMIA,12.970000267028809
2025-08-07,JMM,6.440000057220459
2025-08-04,JNJ,171.0399932861328
2025-10-30,JOE,54.84999847412109
2025-04-22,JOF,8.609999656677246
2025-07-21,JOF,9.789999961853027
2025-09-08,JOF,10.890000343322754
2025-12-16,JOUT,43.91999816894531
2025-12-18,JOUT,44.869998931884766
2025-02-24,JOYY,50.09999847412109
2025-07-08,JOYY,53.68000030517578
2025-09-02,JOYY,58.7400016784668
2025-11-24,JOYY,64.83000183105469
2025-12-19,JOYY,65.18000030517578
2025-01-15,JPM,252.3500061035156
2025-06-30,JPM,289.9100036621094
2025-09-08,JRI,13.634557723999023
2025-02-07,JRSH,3.740000009536743
2025-02-13,JRSH,3.805000066757202
2025-05-16,JXG,39.29999923706055
2025-12-15,JXN,106.19000244140624
2025-10-23,KALU,93.12000274658205
2025-12-10,KALU,106.43000030517578
2025-07-17,KALV,16.010000228881836
2025-01-08,KARO,50.0
2025-09-29,KARO,60.400001525878906
2025-09-25,KC,17.469999313354492
2025-01-03,KD,37.2400016784668
2025-02-04,KD,39.91999816894531
2025-06-25,KD,41.27000045776367
2025-06-30,KD,41.959999084472656
2025-05-29,KEN,35.31999969482422
2025-06-30,KEN,41.54999923706055
2025-11-26,KEN,58.84000015258789
2025-12-18,KEN,63.34000015258789
2025-12-29,KEN,66.69000244140625
2025-05-07,KEP,9.539999961853027
2025-05-15,KEP,9.970000267028809
2025-05-19,KEP,10.399999618530272
2025-10-17,KEP,15.3100004196167
2025-11-24,KEP,17.200000762939453
2025-02-13,KEQU,69.66999816894531
2025-12-05,KEY,19.26000022888184
2025-01-31,KEYS,178.35000610351562
2025-11-25,KEYS,195.4600067138672
2025-09-22,KF,30.850000381469727
2025-10-16,KF,33.04999923706055
2025-10-20,KF,33.95000076293945
2025-10-24,KF,34.349998474121094
2025-11-03,KF,37.619998931884766
2025-09-10,KFFB,3.440000057220459
2025-09-19,KGC,23.489999771118164
2025-09-30,KGC,24.850000381469727
2025-01-30,KGS,49.65999984741211
2025-02-04,KINS,17.8799991607666
2025-04-29,KINS,20.1200008392334
2025-09-18,KLAC,1046.68994140625
2025-10-29,KLAC,1235.280029296875
2025-01-22,KMDA,7.53000020980835
2025-02-07,KMDA,7.690000057220459
2025-09-10,KNOP,8.960000038146973
2025-09-24,KNOP,9.329999923706056
2025-11-03,KNOP,9.890000343322754
2025-11-19,KNOP,10.15999984741211
2025-12-05,KNOP,10.720000267028809
2025-12-09,KNOP,10.84000015258789
2025-07-29,KNSA,30.3700008392334
2025-09-29,KNSA,38.77000045776367
2025-10-20,KNSA,38.9900016784668
2025-12-19,KNSA,43.18999862670898
2025-01-21,KODK,7.619999885559082
2025-08-26,KOPN,2.200000047683716
2025-07-17,KORE,2.809999942779541
2025-02-03,KR,63.33000183105469
2025-03-07,KR,66.69999694824219
2025-04-03,KR,70.73999786376953
2025-04-17,KR,71.22000122070312
2025-06-23,KR,74.0
2025-07-11,KRKR,6.150000095367432
2025-02-04,KRMD,4.599999904632568
2025-11-06,KROS,16.170000076293945
2025-11-12,KROS,17.469999313354492
2025-12-03,KROS,18.100000381469727
2025-02-18,KRT,33.459999084472656
2025-06-24,KT,20.270000457763672
2025-01-06,KTOS,29.530000686645508
2025-01-13,KTOS,30.88999938964844
2025-06-17,KTOS,43.22999954223633
2025-06-23,KTOS,43.630001068115234
2025-06-27,KTOS,45.84000015258789
2025-03-10,KVAC,11.1899995803833
2025-04-22,KVAC,11.260000228881836
2025-12-05,KVAC,11.90999984741211
2025-02-24,KVACU,11.18000030517578
2025-05-07,KVACU,11.3149995803833
2025-05-13,KVACU,11.399999618530272
2025-05-15,KVACU,11.449999809265137
2025-09-11,KVACU,11.5
2025-05-08,KVUE,24.059999465942383
2025-01-28,KVYO,45.619998931884766
2025-11-25,KYIV,14.510000228881836
2025-11-18,KYTX,7.829999923706055
2025-11-21,L,106.4000015258789
2025-01-10,LAKE,26.21999931335449
2025-03-21,LANV,2.430000066757202
2025-07-14,LANV,2.509999990463257
2025-01-23,LARK,23.799999237060547
2025-02-12,LARK,23.933332443237305
2025-03-19,LARK,24.77142906188965
2025-04-09,LARK,26.80952453613281
2025-04-21,LARK,27.65714263916016
2025-12-10,LARK,28.700000762939453
2025-07-29,LASR,20.700000762939453
2025-11-07,LASR,34.15999984741211
2025-02-20,LAUR,20.96999931335449
2025-05-02,LAUR,22.290000915527344
2025-06-27,LAUR,23.100000381469727
2025-09-19,LAUR,29.88999938964844
2025-09-26,LAUR,30.940000534057617
2025-10-30,LAUR,31.790000915527344
2025-12-19,LAUR,33.83000183105469
2025-11-25,LAW,7.21999979019165
2025-12-02,LAW,7.260000228881836
2025-05-13,LBRDA,88.54733276367188
2025-03-05,LBRDK,81.04869079589844
2025-04-29,LBRDK,83.33333587646484
2025-01-10,LBRDP,25.270000457763672
2025-01-16,LBRDP,25.280000686645508
2025-01-27,LBRDP,25.924999237060547
2025-11-05,LC,19.149999618530277
2025-11-21,LCII,112.04000091552734
2025-12-19,LCII,123.66000366210938
2025-12-15,LCNB,17.709999084472656
2025-08-15,LCTX,1.2000000476837158
2025-10-30,LCTX,1.840000033378601
2025-11-04,LDOS,199.5500030517578
2025-11-11,LDP,21.989999771118164
2025-05-02,LEGT,10.619999885559082
2025-11-06,LEGT,11.039999961853027
2025-05-06,LEGT-U,10.710000038146973
2025-05-19,LEGT-U,10.869999885559082
2025-05-28,LEGT-U,10.9399995803833
2025-12-22,LEGT-U,11.960000038146973
2025-09-19,LENZ,42.27000045776367
2025-12-31,LEO,6.360000133514404
2025-10-07,LEVI,24.46999931335449
2025-05-02,LFCR,7.289999961853027
2025-07-10,LFCR,8.779999732971191
2025-03-20,LFMDP,24.700000762939453
2025-03-27,LFMDP,24.75
2025-03-20,LFT,2.819999933242798
2025-03-21,LGL,7.28000020980835
2025-06-30,LGL,7.619999885559082
2025-09-18,LGND,169.8300018310547
2025-10-31,LGND,191.30999755859372
2025-11-06,LGND,208.22000122070312
2025-11-10,LGND,209.2899932861328
2025-01-30,LH,251.5399932861328
2025-07-24,LH,267.69000244140625
2025-07-17,LI,31.36000061035156
2025-06-30,LIF,65.25
2025-08-12,LIF,83.55000305175781
2025-11-25,LILA,8.699999809265137
2025-08-27,LIN,482.7099914550781
2025-02-04,LINC,17.1200008392334
2025-02-24,LINC,18.549999237060547
2025-08-06,LINC,24.5
2025-08-21,LINK,5.599999904632568
2025-07-15,LITE,98.13999938964844
2025-07-21,LITE,103.83999633789062
2025-11-24,LIVN,60.459999084472656
2025-02-10,LLYVA,74.45999908447266
2025-07-17,LLYVA,80.55999755859375
2025-07-23,LLYVA,82.51000213623047
2025-08-08,LLYVA,84.47000122070312
2025-08-22,LLYVA,92.47000122070312
2025-08-22,LLYVK,95.05999755859376
2025-08-05,LMND,47.93000030517578
2025-09-19,LMND,60.959999084472656
2025-02-07,LNC,37.040000915527344
2025-06-02,LNG,243.22999572753903
2025-12-08,LNKB,8.010000228881836
2025-12-11,LNKB,8.050000190734863
2025-12-19,LNKB,8.6899995803833
2025-01-21,LNN,135.24000549316406
2025-06-26,LNN,143.22999572753906
2025-06-30,LNN,144.25
2025-07-03,LNN,148.2899932861328
2025-01-23,LNSR,9.199999809265137
2025-02-24,LNT,63.84999847412109
2025-10-06,LNT,68.12000274658203
2025-10-24,LNT,68.97000122070312
2025-02-05,LOAN,5.769999980926514
2025-03-31,LOAN,5.909999847412109
2025-07-23,LOGI,97.41999816894533
2025-02-20,LOPE,187.2700042724609
2025-05-07,LOPE,194.00999450683597
2025-09-19,LOPE,209.82000732421875
2025-12-05,LPAA,10.55500030517578
2025-07-23,LPAAU,10.75
2025-10-16,LPBB,10.470000267028809
2025-09-16,LPL,4.960000038146973
2025-09-25,LPL,5.190000057220459
2025-07-18,LPLA,393.30999755859375
2025-07-30,LPLA,399.0
2025-07-11,LPTH,3.240000009536743
2025-07-16,LPTH,3.5299999713897705
2025-11-18,LQDA,30.200000762939453
2025-09-11,LRCX,115.58000183105467
2025-12-19,LRCX,172.27000427246094
2025-01-10,LRN,111.12999725341795
2025-01-28,LRN,120.63999938964844
2025-05-01,LRN,150.6999969482422
2025-08-13,LRN,158.35000610351562
2025-01-30,LSBK,11.7282133102417
2025-02-13,LSBK,11.949777603149414
2025-07-22,LSBK,12.170000076293944
2025-07-31,LSBK,12.3100004196167
2025-10-27,LSBK,13.5
2025-12-03,LSCC,75.12999725341797
2025-08-12,LTBR,17.110000610351562
2025-09-19,LTBR,18.26000022888184
2025-01-16,LTH,26.6299991607666
2025-06-10,LTM,39.16999816894531
2025-07-31,LTM,43.38999938964844
2025-08-18,LTM,45.20000076293945
2025-09-22,LU,3.4200000762939453
2025-02-07,LUCD,1.0700000524520874
2025-04-08,LUCD,1.6200000047683716
2025-03-21,LUV,34.83000183105469
2025-01-16,LUXE,8.420000076293945
2025-09-09,LWAY,32.5099983215332
2025-09-17,LWAY,33.81999969482422
2025-12-19,LXEO,10.350000381469728
2025-12-19,LXP,50.66999816894531
2025-09-26,LXRX,1.399999976158142
2025-11-11,LXU,9.81999969482422
2025-11-21,LYEL,19.1299991607666
2025-11-10,LYFT,23.71999931335449
2025-08-01,LYG,4.360000133514404
2025-01-23,LYTS,24.71999931335449
2025-06-20,LYV,148.8699951171875
2025-08-08,LZ,10.979999542236328
2025-12-10,M,23.26000022888184
2025-10-23,MACI,10.770000457763672
2025-10-23,MACIU,10.789999961853027
2025-02-18,MAIN,62.119998931884766
2025-12-01,MAMA,11.770000457763672
2025-02-06,MAR,302.95001220703125
2025-12-19,MAR,310.1600036621094
2025-10-23,MARPS,5.25
2025-02-26,MASI,190.47000122070312
2025-03-03,MASI,190.6300048828125
2025-11-06,MATV,12.84000015258789
2025-12-03,MAX,13.619999885559082
2025-12-31,MAYS,39.93999862670898
2025-01-16,MBBC,10.262391090393066
2025-01-21,MBBC,10.291544914245604
2025-01-24,MBBC,10.33527660369873
2025-09-19,MBBC,10.479999542236328
2025-10-13,MBBC,11.050000190734863
2025-11-25,MBCN,34.65999984741211
2025-07-23,MBOT,2.8399999141693115
2025-07-25,MBOT,2.970000028610229
2025-08-20,MBOT,3.309999942779541
2025-02-11,MBWM,51.790000915527344
2025-02-06,MC,81.19999694824219
2025-07-14,MCB,75.5199966430664
2025-07-17,MCB,76.31999969482422
2025-02-10,MCD,308.4200134277344
2025-03-07,MCD,321.2900085449219
2025-11-25,MCHB,14.800000190734863
2025-01-17,MCI,21.520000457763672
2025-02-14,MCI,22.729999542236328
2025-09-11,MCI,22.190000534057617
2025-09-23,MCK,741.3099975585938
2025-02-06,MCO,502.8399963378906
2025-02-13,MCO,527.47998046875
2025-02-12,MCRI,92.56999969482422
2025-07-17,MCRI,104.83000183105467
2025-02-28,MCW,8.489999771118164
2025-09-19,MCY,79.51000213623047
2025-11-11,MCY,86.95999908447266
2025-12-19,MCY,93.62000274658205
2025-02-20,MD,17.229999542236328
2025-11-03,MD,21.07999992370605
2025-12-02,MDB,401.989990234375
2025-02-26,MDGL,355.8800048828125
2025-11-05,MDGL,475.8699951171875
2025-08-20,MDT,93.22000122070312
2025-09-24,MDT,95.73999786376952
2025-11-18,MDT,100.8000030517578
2025-11-21,MDT,101.1999969482422
2025-11-06,MDU,20.6200008392334
2025-02-05,MDWD,20.32999992370605
2025-10-28,MDXH,5.0
2025-11-24,MEDP,618.489990234375
2025-05-08,MELI,2410.0
2025-07-31,META,773.4400024414062
2025-12-15,MFC,35.7599983215332
2025-02-03,MFG,5.579999923706055
2025-02-06,MFG,5.650000095367432
2025-03-21,MFG,6.039999961853027
2025-06-27,MFIN,9.699999809265137
2025-07-01,MFIN,9.869999885559082
2025-12-19,MFIN,10.81999969482422
2025-11-03,MGA,49.27000045776367
2025-02-05,MGIC,13.350000381469728
2025-03-11,MGIC,13.390000343322754
2025-03-17,MGIC,14.199999809265137
2025-06-16,MGIC,16.389999389648438
2025-11-03,MGIC,21.549999237060547
2025-11-06,MGIC,21.8799991607666
2025-11-12,MGIC,24.170000076293945
2025-12-01,MGIC,24.479999542236328
2025-12-04,MGIC,25.229999542236328
2025-12-08,MGIC,25.6299991607666
2025-12-16,MGIC,27.239999771118164
2025-02-06,MGNI,19.13999938964844
2025-08-25,MGNI,25.32999992370605
2025-02-20,MGRC,128.9600067138672
2025-02-21,MGTX,7.300000190734863
2025-10-21,MGTX,9.260000228881836
2025-05-15,MGYR,15.06999969482422
2025-05-28,MGYR,15.489999771118164
2025-06-17,MGYR,16.049999237060547
2025-12-19,MGYR,17.75
2025-06-25,MIR,21.5
2025-09-05,MIR,22.899999618530277
2025-09-18,MIR,24.600000381469727
2025-02-18,MIRM,52.70000076293945
2025-07-09,MIRM,53.459999084472656
2025-08-07,MIRM,59.81999969482422
2025-12-19,MIRM,77.73999786376953
2025-03-17,MIST,2.4100000858306885
2025-11-25,MITT,8.100000381469727
2025-12-15,MITT,8.430000305175781
2025-05-30,MKL,1941.699951171875
2025-12-11,MKL,2125.830078125
2025-11-06,MKSI,155.25
2025-07-24,MKTW,20.489999771118164
2025-07-28,MKTW,21.1299991607666
2025-02-07,MLAB,147.7899932861328
2025-07-11,MLCI,4.139999866485596
2025-07-22,MLCI,4.159999847412109
2025-07-24,MLCI,4.170000076293945
2025-08-18,MLCI,4.630000114440918
2025-12-11,MLCI,8.34000015258789
2025-12-15,MLCI,8.359999656677246
2025-12-18,MLCI,8.640000343322754
2025-12-02,MLI,110.73999786376952
2025-12-19,MLI,115.5999984741211
2025-02-04,MLPB,27.631999969482425
2025-02-18,MLPB,27.98200035095215
2025-03-19,MLPB,28.03499984741211
2025-04-02,MLPB,28.100000381469727
2025-11-10,MLYS,44.5
2025-01-14,MMM,137.2100067138672
2025-01-27,MMM,151.52000427246094
2025-02-28,MMM,155.1199951171875
2025-07-17,MMM,159.0399932861328
2025-10-21,MMM,166.63999938964844
2025-01-23,MNSBP,24.979999542236328
2025-03-13,MNSBP,25.200000762939453
2025-05-09,MNST,61.0
2025-08-08,MNST,64.69000244140625
2025-09-16,MNST,66.16000366210938
2025-11-24,MNST,73.23999786376953
2025-12-19,MNST,76.26000213623047
2025-09-16,MNY,2.0799999237060547
2025-09-18,MNY,2.220000028610229
2025-03-07,MO,57.790000915527344
2025-03-31,MO,60.02000045776367
2025-07-30,MO,61.5
2025-11-21,MOG-A,214.7700042724609
2025-12-03,MOG-A,235.0
2025-11-06,MOG-B,214.97999572753903
2025-11-24,MOG-B,220.0
2025-12-03,MOG-B,237.0500030517578
2025-12-11,MOG-B,247.2400054931641
2025-12-15,MOG-B,250.17999267578125
2025-12-24,MOG-B,251.3699951171875
2025-02-14,MOMO,7.909999847412109
2025-02-20,MOMO,8.069999694824219
2025-12-11,MOV,21.600000381469727
2025-12-18,MOV,21.950000762939453
2025-02-04,MP,24.46999931335449
2025-03-05,MP,25.65999984741211
2025-03-14,MP,26.82999992370605
2025-04-14,MP,27.59000015258789
2025-06-09,MP,27.690000534057617
2025-06-12,MP,29.200000762939453
2025-09-25,MP,77.12999725341797
2025-10-10,MP,78.33999633789062
2025-02-13,MPAA,8.569999694824219
2025-06-03,MPAA,11.899999618530272
2025-06-06,MPAA,11.920000076293944
2025-08-11,MPAA,13.8100004196167
2025-09-11,MPAA,16.040000915527344
2025-01-30,MPLX,53.36000061035156
2025-02-05,MPLX,53.81999969482422
2025-01-17,MPV,17.5
2025-06-12,MPV,19.07999992370605
2025-06-20,MPV,19.25
2025-06-26,MPV,19.700000762939453
2025-08-22,MPV,20.670000076293945
2025-10-13,MPWR,981.6699829101562
2025-10-23,MPWR,1070.800048828125
2025-08-07,MQ,6.829999923706055
2025-02-05,MRCY,49.880001068115234
2025-04-09,MRX,39.970001220703125
2025-05-02,MRX,45.130001068115234
2025-01-16,MS,135.80999755859375
2025-10-15,MS,162.64999389648438
2025-01-21,MSB,30.13999938964844
2025-10-20,MSB,35.20000076293945
2025-12-30,MSB,38.2400016784668
2025-03-19,MSD,8.289999961853027
2025-07-31,MSFT,533.5
2025-10-28,MSFT,542.0700073242188
2025-10-01,MSGE,47.61000061035156
2025-07-15,MSGM,3.369999885559082
2025-12-19,MSGS,246.3800048828125
2025-03-03,MT,29.479999542236328
2025-07-02,MT,33.04999923706055
2025-07-23,MT,34.779998779296875
2025-10-03,MT,38.40999984741211
2025-10-08,MT,40.93000030517578
2025-11-25,MT,42.22999954223633
2025-11-21,MTD,1452.3499755859375
2025-12-10,MTG,28.96999931335449
2025-01-28,MTLS,8.460000038146973
2025-02-13,MTLS,9.40999984741211
2025-02-11,MTRX,15.479999542236328
2025-07-17,MTRX,14.520000457763672
2025-11-06,MTSI,166.9199981689453
2025-12-03,MTSI,183.4600067138672
2025-10-21,MTUS,17.889999389648438
2025-12-17,MTUS,19.030000686645508
2025-07-23,MTZ,182.38999938964844
2025-09-10,MTZ,190.1199951171875
2025-12-10,MTZ,228.8000030517578
2025-12-19,MU,265.9200134277344
2025-01-21,MUFG,12.539999961853027
2025-01-28,MUFG,12.84000015258789
2025-03-14,MUFG,13.65999984741211
2025-09-19,MUX,14.520000457763672
2025-12-03,MVBF,27.280000686645508
2025-12-10,MVBF,28.3700008392334
2025-02-05,MWA,26.93000030517578
2025-03-17,MWA,27.82999992370605
2025-03-19,MWA,28.239999771118164
2025-07-01,MXE,10.649999618530272
2025-08-06,MXE,10.850000381469728
2025-12-02,MXE,12.0
2025-09-29,MXF,19.46999931335449
2025-11-03,MYE,18.09000015258789
2025-07-01,MYFW,23.13999938964844
2025-07-09,MYFW,23.75
2025-11-26,MYFW,23.93000030517578
2025-12-09,MYFW,24.850000381469727
2025-12-18,MYFW,25.850000381469727
2025-12-31,MYFW,26.809999465942383
2025-09-29,MYRG,206.92999267578125
2025-10-29,MYRG,225.47999572753903
2025-12-03,NAD,12.130000114440918
2025-05-06,NAGE,8.729999542236328
2025-06-03,NAK,1.2699999809265137
2025-10-16,NAT,3.380000114440918
2025-02-13,NATH,100.5
2025-05-30,NATH,106.9800033569336
2025-06-06,NATH,108.6999969482422
2025-07-14,NATH,115.75
2025-02-03,NAZ,12.40999984741211
2025-10-01,NBB,16.309999465942383
2025-11-05,NBIX,153.75
2025-07-17,NBXG,14.800000190734863
2025-10-01,NBXG,15.460000038146973
2025-04-09,NC,36.630001068115234
2025-11-10,NC,45.459999084472656
2025-11-17,NCA,9.170000076293944
2025-01-28,NCLH,28.440000534057617
2025-11-03,NCRA,1.9700000286102293
2025-01-02,NCSM,28.950000762939453
2025-03-17,NCSM,33.4900016784668
2025-08-15,NCSM,34.84000015258789
2025-08-22,NCSM,37.0
2025-07-24,NDAQ,93.5
2025-12-19,NDSN,240.3800048828125
2025-12-30,NEA,11.699999809265137
2025-10-27,NEE,86.02999877929688
2025-07-25,NEM,65.75
2025-09-19,NEM,81.72000122070312
2025-12-19,NEM,101.29000091552734
2025-01-08,NEN,83.13999938964844
2025-03-19,NEN,84.0
2025-01-03,NEON,9.25
2025-11-18,NESR,14.25
2025-12-03,NESR,14.729999542236328
2025-10-31,NET,253.3000030517578
2025-06-10,NEU,660.6799926757812
2025-06-23,NEU,675.9400024414062
2025-06-27,NEU,686.4400024414062
2025-07-23,NEUP,8.199999809265137
2025-12-09,NEWP,3.0999999046325684
2025-01-03,NEXN,10.390000343322754
2025-01-30,NFG,70.31999969482422
2025-02-03,NFG,71.91000366210938
2025-05-02,NFG,82.44000244140625
2025-07-15,NFG,88.81999969482422
2025-01-22,NFLX,95.39900207519533
2025-02-04,NFLX,99.48699951171876
2025-09-19,NG,7.53000020980835
2025-02-05,NGD,3.109999895095825
2025-02-10,NGD,3.140000104904175
2025-03-13,NGD,3.2300000190734863
2025-03-26,NGD,3.470000028610229
2025-03-31,NGD,3.7100000381469727
2025-04-30,NGD,3.9800000190734863
2025-11-12,NGD,7.579999923706055
2025-12-11,NGD,8.550000190734863
2025-12-19,NGD,8.819999694824219
2025-10-10,NGG,74.5199966430664
2025-10-15,NGG,75.02999877929688
2025-11-07,NGG,77.75
2025-11-19,NGS,30.989999771118164
2025-12-03,NGS,31.729999542236328
2025-12-09,NGS,32.959999084472656
2025-02-05,NGVC,48.31999969482422
2025-12-10,NGVT,58.83000183105469
2025-11-25,NHC,137.9499969482422
2025-12-01,NHPAP,19.020000457763672
2025-12-05,NHPAP,19.239999771118164
2025-12-15,NHPAP,19.38500022888184
2025-12-01,NHPBP,18.725000381469727
2025-02-12,NI,38.79999923706055
2025-02-28,NI,40.810001373291016
2025-05-19,NIC,123.56999969482422
2025-07-16,NIC,136.02999877929688
2025-10-29,NIM,9.420000076293944
2025-08-12,NIU,4.300000190734863
2025-03-19,NJR,49.27999877929688
2025-04-02,NJR,49.560001373291016
2025-12-10,NKSH,31.86000061035156
2025-02-18,NLOP,33.25
2025-02-28,NLY,21.959999084472656
2025-10-30,NMAI,13.210000038146973
2025-11-12,NMAI,13.380000114440918
2025-07-17,NMG,2.190000057220459
2025-11-06,NMI,10.09000015258789
2025-11-10,NMM,50.38999938964844
2025-11-17,NMM,53.27999877929688
2025-07-23,NMR,6.869999885559082
2025-07-29,NMR,6.989999771118164
2025-12-10,NMR,8.119999885559082
2025-12-15,NMR,8.369999885559082
2025-05-27,NMT,12.109999656677246
2025-07-10,NN,16.260000228881836
2025-12-03,NNI,133.17999267578125
2025-12-15,NNI,133.94000244140625
2025-12-19,NNY,8.609999656677246
2025-12-10,NOEM,10.300000190734863
2025-10-17,NOEMU,11.15999984741211
2025-03-05,NOK,5.170000076293945
2025-03-07,NOK,5.230000019073486
2025-12-22,NOM,11.6899995803833
2025-12-24,NOM,11.829999923706056
2025-01-28,NOW,234.0780029296875
2025-02-13,NPK,99.75
2025-06-27,NPKI,8.800000190734863
2025-09-04,NPKI,10.630000114440918
2025-10-06,NPO,233.50999450683597
2025-01-21,NRG,111.5500030517578
2025-01-24,NRG,112.37000274658205
2025-02-26,NRG,113.33000183105467
2025-02-06,NRIM,22.63500022888184
2025-12-10,NRIM,26.34000015258789
2025-12-18,NRIM,27.739999771118164
2025-08-14,NRT,5.730000019073486
2025-09-26,NRT,5.829999923706055
2025-10-31,NRT,6.329999923706055
2025-11-06,NRT,6.389999866485596
2025-02-21,NSPR,3.190000057220459
2025-05-12,NTB,42.09999847412109
2025-10-31,NTB,46.2599983215332
2025-01-30,NTCT,25.059999465942383
2025-10-30,NTCT,28.049999237060547
2025-11-06,NTCT,29.25
2025-05-15,NTES,122.76000213623048
2025-09-08,NTES,144.0
2025-02-07,NTGR,29.38999938964844
2025-02-27,NTNX,76.54000091552734
2025-05-13,NTNX,82.4000015258789
2025-09-10,NTNX,77.1500015258789
2025-06-13,NTR,62.88999938964844
2025-10-31,NTRA,198.92999267578125
2025-11-18,NTRA,213.6499938964844
2025-10-27,NTST,19.540000915527344
2025-09-11,NTWK,4.659999847412109
2025-09-29,NTWK,5.21999979019165
2025-12-30,NTWO,10.43000030517578
2025-10-08,NTWOU,10.5
2025-09-22,NUS,12.84000015258789
2025-11-17,NUVL,108.0
2025-11-20,NUVL,108.01000213623048
2025-09-22,NVDA,183.6100006103516
2025-10-28,NVDA,201.02999877929688
2025-09-11,NVMI,288.19000244140625
2025-09-18,NVMI,310.8399963378906
2025-09-04,NVRI,11.739999771118164
2025-11-11,NVRI,13.529999732971191
2025-10-01,NVS,131.72000122070312
2025-12-18,NVST,22.25
2025-10-31,NVT,114.3499984741211
2025-11-06,NWE,63.220001220703125
2025-11-25,NWE,67.51000213623047
2025-11-13,NWFL,27.209999084472656
2025-11-21,NWFL,28.020000457763672
2025-12-10,NWFL,29.57999992370605
2025-01-23,NWG,10.729999542236328
2025-02-18,NWG,11.40999984741211
2025-02-25,NWG,11.800000190734863
2025-05-09,NWG,13.239999771118164
2025-04-22,NWN,44.11000061035156
2025-12-19,NWPX,64.13999938964844
2025-02-04,NWS,32.86000061035156
2025-02-07,NWS,33.91999816894531
2025-09-19,NWSA,30.6200008392334
2025-10-14,NXE,9.399999618530272
2025-10-28,NXE,9.520000457763672
2025-08-18,NXT,67.69999694824219
2025-05-27,NYAX,42.75
2025-06-04,NYAX,45.93000030517578
2025-06-20,NYAX,47.36000061035156
2025-06-24,NYAX,49.18999862670898
2025-02-11,NYC,11.239999771118164
2025-02-13,NYC,11.300000190734863
2025-04-14,NYC,12.130000114440918
2025-06-27,NYC,12.68000030517578
2025-11-07,NYT,61.34999847412109
2025-12-17,NYT,69.5
2025-10-13,OACCU,11.0600004196167
2025-01-22,OAKU,11.43000030517578
2025-05-22,OAKU,11.75
2025-07-17,OAKU,11.960000038146973
2025-09-17,OAKU,12.050000190734863
2025-10-14,OAKU,12.399999618530272
2025-07-01,OAKUU,11.850000381469728
2025-11-11,OAKUU,12.0
2025-11-17,OAKUU,12.06999969482422
2025-01-23,OBK,37.060001373291016
2025-12-15,OBT,29.239999771118164
2025-12-17,OBT,29.649999618530277
2025-02-07,OCCIN,24.11000061035156
2025-07-16,OCCIN,24.31999969482422
2025-07-22,OCCIN,24.357999801635746
2025-07-24,OCCIN,24.3700008392334
2025-07-29,OCCIN,24.444000244140625
2025-01-07,OCS,18.21999931335449
2025-09-05,OCUL,13.600000381469728
2025-03-12,ODC,49.709999084472656
2025-06-23,ODC,59.77999877929688
2025-07-02,ODC,60.380001068115234
2025-07-16,ODC,60.66999816894531
2025-08-26,ODV,2.869999885559082
2025-09-05,ODV,2.9600000381469727
2025-09-09,ODV,3.0799999237060547
2025-09-23,ODV,3.25
2025-02-05,ODYS,9.800000190734863
2025-01-10,OFSSH,22.63999938964844
2025-02-11,OFSSH,22.70499992370605
2025-07-18,OFSSH,23.18899917602539
2025-08-18,OFSSH,23.450000762939453
2025-09-17,OFSSH,23.700000762939453
2025-02-20,OGE,44.29999923706055
2025-02-28,OGE,46.27999877929688
2025-05-06,OGS,80.87000274658203
2025-09-26,OGS,80.19000244140625
2025-12-10,OIS,7.070000171661377
2025-05-06,OMAB,90.7699966430664
2025-05-13,OMAB,98.8000030517578
2025-01-28,OMF,58.060001373291016
2025-07-10,OMF,59.810001373291016
2025-12-10,OMF,67.27999877929688
2025-01-21,ONB,23.65999984741211
2025-02-20,ONC,244.1999969482422
2025-06-12,ONC,276.5299987792969
2025-07-29,ONC,305.739990234375
2025-09-02,ONC,332.0400085449219
2025-11-12,ONC,377.4700012207031
2025-01-21,ONIT,35.4900016784668
2025-02-10,ONIT,40.130001068115234
2025-08-06,ONIT,39.91999816894531
2025-08-12,ONIT,40.27000045776367
2025-12-18,ONIT,45.45000076293945
2025-12-30,ONIT,45.86000061035156
2025-01-21,ONON,59.95000076293945
2025-01-28,ONON,62.15999984741211
2025-02-28,OPK,1.7400000095367432
2025-02-10,OPLN,21.09000015258789
2025-02-28,OPLN,22.299999237060547
2025-06-30,OPLN,24.450000762939453
2025-08-06,OPLN,28.899999618530277
2025-12-16,OPLN,29.979999542236328
2025-12-19,OPLN,30.549999237060547
2025-06-26,OPRT,7.449999809265137
2025-07-07,OPRT,7.690000057220459
2025-09-29,OPRX,20.51000022888184
2025-07-28,OPY,74.4000015258789
2025-04-10,OR,21.809999465942383
2025-07-07,OR,27.25
2025-07-11,OR,27.8700008392334
2025-09-19,OR,37.209999084472656
2025-10-06,OR,40.400001525878906
2025-11-05,ORA,113.87000274658205
2025-12-11,ORA,115.0
2025-03-31,ORI,39.220001220703125
2025-11-14,ORI,44.34999847412109
2025-12-19,ORKA,31.84000015258789
2025-01-02,ORLA,5.880000114440918
2025-02-26,ORLA,7.309999942779541
2025-03-05,ORLA,7.369999885559082
2025-03-11,ORLA,7.800000190734863
2025-09-15,ORLA,12.779999732971191
2025-10-14,ORLA,13.130000114440918
2025-12-19,ORLA,14.18000030517578
2025-04-03,ORLY,96.1259994506836
2025-12-24,ORMP,3.150000095367432
2025-12-10,ORN,11.449999809265137
2025-12-08,ORRF,37.43999862670898
2025-12-10,ORRF,37.93999862670898
2025-01-23,OSIS,193.0500030517578
2025-05-01,OSIS,224.3300018310547
2025-06-11,OSIS,239.0500030517578
2025-10-31,OSIS,278.4599914550781
2025-01-28,OSPN,19.93000030517578
2025-09-16,OSS,6.510000228881836
2025-10-30,OSW,23.31999969482422
2025-04-03,OTIS,104.3000030517578
2025-12-17,OTTR,86.04000091552734
2025-10-14,OUST,36.15999984741211
2025-02-25,OVBC,28.0
2025-04-17,OVBC,35.5
2025-12-03,OVBC,39.27999877929688
2025-12-08,OVBC,41.59999847412109
2025-12-11,OVLY,30.13999938964844
2025-12-18,OVLY,31.13999938964844
2025-01-22,OWL,25.530000686645508
2025-10-23,OWLT,9.350000381469728
2025-10-28,OWLT,9.789999961853027
2025-02-14,OXBR,5.139999866485596
2025-12-30,OXLCO,23.749000549316406
2025-02-04,OXLCP,24.229999542236328
2025-05-01,OXLCP,24.350000381469727
2025-05-12,OXLCP,24.440000534057617
2025-07-14,OXLCP,24.520999908447266
2025-02-10,OXLCZ,23.979999542236328
2025-06-11,OXLCZ,24.13999938964844
2025-08-01,OXLCZ,24.24399948120117
2025-08-29,OXLCZ,24.31999969482422
2025-09-09,OXLCZ,24.322999954223636
2025-11-05,OXLCZ,24.34000015258789
2025-11-11,OXLCZ,24.375
2025-11-14,OXLCZ,24.450000762939453
2025-09-15,OXSQG,24.059999465942383
2025-09-29,OXSQG,24.11899948120117
2025-07-14,OZK,52.54999923706055
2025-07-22,OZK,52.68000030517578
2025-08-27,OZK,53.13999938964844
2025-02-05,PAAS,24.989999771118164
2025-02-20,PAAS,25.5
2025-03-13,PAAS,25.59000015258789
2025-04-14,PAAS,27.18000030517578
2025-06-05,PAAS,28.600000381469727
2025-08-07,PAAS,31.440000534057617
2025-09-10,PAAS,36.2400016784668
2025-09-22,PAAS,37.369998931884766
2025-12-09,PAAS,48.40999984741211
2025-02-20,PAC,203.80999755859372
2025-05-15,PAC,225.6999969482422
2025-02-13,PAG,175.88999938964844
2025-06-20,PAG,173.47000122070312
2025-01-21,PAGP,21.950000762939453
2025-09-16,PAGS,10.739999771118164
2025-02-10,PAHC,26.21999931335449
2025-11-03,PAHC,43.369998931884766
2025-01-02,PAM,93.05999755859376
2025-02-18,PANW,208.27999877929688
2025-09-23,PARR,37.25
2025-11-17,PARR,44.9900016784668
2025-12-10,PATK,114.12999725341795
2025-09-09,PBFS,13.279999732971191
2025-02-06,PBH,87.3499984741211
2025-03-07,PBH,89.0199966430664
2025-01-23,PBI,8.239999771118164
2025-02-12,PBI,9.760000228881836
2025-07-01,PBI,11.220000267028809
2025-07-14,PBI,12.100000381469728
2025-07-21,PBI,12.460000038146973
2025-09-23,PBT,18.82999992370605
2025-11-07,PBT,19.38999938964844
2025-11-14,PBT,20.440000534057617
2025-11-07,PBYI,5.989999771118164
2025-06-27,PCB,20.920000076293945
2025-02-14,PCOR,87.5
2025-05-20,PCSC,10.539999961853027
2025-06-02,PCSC,10.5600004196167
2025-06-17,PCSC,10.720000267028809
2025-12-05,PCSC,12.199999809265137
2025-09-16,PDD,129.05999755859375
2025-02-05,PDLB,13.970000267028809
2025-08-12,PDLB,14.880000114440918
2025-08-22,PDLB,14.93000030517578
2025-11-07,PDLB,15.079999923706056
2025-11-12,PDLB,15.850000381469728
2025-11-25,PDLB,16.010000228881836
2025-12-10,PDLB,16.3799991607666
2025-10-01,PDT,13.479999542236328
2025-01-13,PDX,30.25
2025-01-15,PEGA,50.0
2025-01-28,PEGA,56.14500045776367
2025-07-23,PEGA,58.0099983215332
2025-10-22,PEGA,65.58999633789062
2025-01-15,PEN,261.7699890136719
2025-02-19,PEN,303.760009765625
2025-09-10,PENG,25.63999938964844
2025-09-18,PENG,27.65999984741211
2025-10-06,PENG,29.299999237060547
2025-07-23,PERI,11.43000030517578
2025-05-22,PEW,14.0
2025-07-11,PEW,17.219999313354492
2025-07-15,PEW,17.239999771118164
2025-12-01,PFBC,95.9499969482422
2025-07-16,PFGC,99.91000366210938
2025-09-17,PFGC,108.72000122070312
2025-02-10,PFL,8.569999694824219
2025-02-05,PFN,7.610000133514404
2025-02-10,PFN,7.639999866485596
2025-09-05,PFO,9.43000030517578
2025-12-10,PFS,20.68000030517578
2025-01-27,PFSI,113.66000366210938
2025-01-30,PFSI,114.81999969482422
2025-10-22,PFSI,129.57000732421875
2025-10-24,PFSI,132.6699981689453
2025-11-25,PFSI,133.67999267578125
2025-02-18,PFX,51.09999847412109
2025-02-28,PFX,53.790000915527344
2025-03-05,PFX,54.37699890136719
2025-01-07,PFXNZ,23.040000915527344
2025-08-18,PFXNZ,23.600000381469727
2025-09-18,PFXNZ,23.799999237060547
2025-12-05,PGACU,10.630000114440918
2025-08-25,PGP,8.479999542236328
2025-10-06,PGP,8.640000343322754
2025-11-11,PGP,8.75
2025-12-01,PGP,8.859999656677246
2025-12-24,PGP,8.960000038146973
2025-12-31,PGP,9.130000114440918
2025-02-24,PGR,272.6300048828125
2025-11-06,PH,834.1500244140625
2025-11-11,PH,857.9299926757812
2025-06-02,PHAR,11.234999656677246
2025-08-04,PHAR,12.25
2025-08-08,PHAR,13.229999542236328
2025-08-22,PHAR,13.699999809265137
2025-11-10,PHAR,17.549999237060547
2025-11-13,PHAR,17.6200008392334
2025-12-12,PHAR,17.979999542236328
2025-10-15,PHAT,13.449999809265137
2025-12-18,PHAT,16.280000686645508
2025-01-28,PHR,29.290000915527344
2025-02-13,PHR,30.01000022888184
2025-11-12,PHVS,25.809999465942383
2025-11-26,PHVS,27.71999931335449
2025-12-03,PHVS,29.364999771118164
2025-10-08,PI,212.4499969482422
2025-09-09,PIM,3.4600000381469727
2025-09-12,PIM,3.5
2025-07-31,PINS,38.59999847412109
2025-02-04,PJT,173.77000427246094
2025-07-16,PJT,184.19000244140625
2025-12-03,PKBK,23.82999992370605
2025-12-18,PKBK,25.540000915527344
2025-10-08,PKE,20.61000061035156
2025-10-13,PKE,21.200000762939453
2025-12-19,PKE,21.46999931335449
2025-10-24,PKST,14.270000457763672
2025-11-06,PKST,14.3100004196167
2025-01-21,PL,4.670000076293945
2025-07-23,PLBY,1.9800000190734863
2025-09-22,PLG,2.0
2025-02-13,PLMR,125.04000091552734
2025-02-28,PLMR,128.66000366210938
2025-03-05,PLMR,128.88999938964844
2025-03-11,PLMR,131.2100067138672
2025-04-09,PLMR,143.1300048828125
2025-05-21,PLMR,161.5399932861328
2025-01-14,PLNT,104.6500015258789
2025-08-12,PLOW,31.56999969482422
2025-12-10,PLOW,33.439998626708984
2025-03-17,PLPC,150.9600067138672
2025-06-10,PLPC,152.97999572753906
2025-06-26,PLPC,159.92999267578125
2025-07-01,PLPC,161.02999877929688
2025-05-30,PLTR,131.77999877929688
2025-12-10,PLUS,92.0199966430664
2025-04-23,PLX,2.9600000381469727
2025-02-06,PM,145.32000732421875
2025-04-03,PM,162.07000732421875
2025-08-22,PMEC,1.590000033378601
2025-08-28,PMEC,1.7599999904632568
2025-10-15,PMEC,1.9700000286102293
2025-01-30,PNRG,232.50999450683597
2025-02-20,PODD,288.2900085449219
2025-10-28,POLE,10.800000190734863
2025-11-07,POLEU,10.649999618530272
2025-12-11,POLEU,11.350000381469728
2025-10-20,POWL,349.20001220703125
2025-09-08,POWWP,24.46999931335449
2025-02-14,PPC,53.880001068115234
2025-08-05,PPIH,25.1200008392334
2025-08-08,PPIH,26.270000457763672
2025-08-12,PPIH,26.5
2025-12-12,PPIH,32.59000015258789
2025-03-28,PPL,35.709999084472656
2025-04-30,PPL,36.5
2025-08-12,PPL,36.900001525878906
2025-09-26,PPTA,21.15999984741211
2025-12-11,PPTA,29.149999618530273
2025-07-03,PRA,23.6299991607666
2025-12-12,PRA,24.260000228881836
2025-02-05,PRAX,88.2300033569336
2025-02-14,PRAX,90.7699966430664
2025-09-08,PRE,9.387999534606934
2025-07-31,PRLB,43.119998931884766
2025-10-23,PRLB,55.27000045776367
2025-10-30,PRM,25.850000381469727
2025-02-21,PRMB,34.06999969482422
2025-03-28,PRMB,35.29999923706055
2025-04-03,PRMB,35.630001068115234
2025-12-18,PROF,7.860000133514404
2025-12-31,PROF,7.869999885559082
2025-09-05,PRPO,17.739999771118164
2025-10-21,PRPO,21.670000076293945
2025-10-23,PRPO,21.920000076293945
2025-11-18,PRPO,23.3799991607666
2025-02-27,PRT,4.46999979019165
2025-02-10,PRVA,23.829999923706055
2025-03-04,PRVA,25.520000457763672
2025-10-31,PSHG,2.0899999141693115
2025-12-01,PSHG,2.390000104904175
2025-12-03,PSHG,2.4800000190734863
2025-06-20,PSKY,12.350000381469728
2025-07-30,PSKY,13.300000190734863
2025-08-13,PSKY,15.0
2025-09-11,PSMT,118.0999984741211
2025-01-07,PSO,16.34000015258789
2025-03-04,PSO,17.75
2025-09-18,PSTL,16.350000381469727
2025-02-28,PTCT,55.2599983215332
2025-11-05,PTCT,71.7699966430664
2025-11-11,PTCT,73.81999969482422
2025-08-27,PTGX,61.43000030517578
2025-09-18,PTGX,62.13999938964844
2025-09-26,PTGX,67.41999816894531
2025-07-31,PUK,25.520000457763672
2025-08-26,PVL,2.0299999713897705
2025-07-14,PVLA,27.549999237060547
2025-01-21,PWR,358.0
2025-10-29,PWR,448.6900024414063
2025-10-28,PYPD,3.7100000381469727
2025-12-03,PYPD,3.9600000381469727
2025-01-17,PYPL,91.80999755859376
2025-10-01,PYT,23.75
2025-08-18,PZG,0.7649999856948853
2025-08-20,PZG,0.8259999752044678
2025-10-15,PZZA,53.25
2025-10-24,PZZA,55.310001373291016
2025-07-08,QETA,11.0
2025-10-16,QETA,11.390000343322754
2025-10-23,QETA,11.43000030517578
2025-11-18,QETA,11.460000038146973
2025-01-27,QETAU,10.899999618530273
2025-10-28,QETAU,11.09000015258789
2025-02-13,QFIN,44.0099983215332
2025-03-17,QFIN,47.130001068115234
2025-03-19,QFIN,47.65999984741211
2025-03-27,QFIN,48.119998931884766
2025-03-04,QH,139.5
2025-12-30,QQQX,28.6200008392334
2025-09-22,QRVO,96.30999755859376
2025-10-28,QRVO,97.41999816894533
2025-09-18,QTI,39.75
2025-02-18,R,170.9199981689453
2025-12-11,R,198.02000427246094
2025-07-16,RACE,505.2999877929688
2025-02-10,RAND,23.799999237060547
2025-12-19,RAPP,30.850000381469727
2025-09-19,RAVE,3.5999999046325684
2025-09-23,RAVE,3.640000104904175
2025-02-19,RBA,104.72000122070312
2025-05-08,RBA,104.80999755859376
2025-08-07,RBA,111.01000213623048
2025-08-13,RBA,118.0199966430664
2025-09-19,RBA,118.9000015258789
2025-12-03,RBB,21.06999969482422
2025-12-10,RBB,21.93000030517578
2025-12-18,RBB,22.350000381469727
2025-02-11,RBBN,4.340000152587891
2025-02-13,RBBN,5.0
2025-01-31,RBC,348.75
2025-08-01,RBC,399.79998779296875
2025-10-31,RBC,428.5299987792969
2025-04-30,RBKB,10.899999618530273
2025-05-27,RBKB,11.5600004196167
2025-05-29,RBKB,11.713000297546387
2025-06-11,RBKB,12.119999885559082
2025-08-22,RBKB,13.75
2025-10-01,RCB,24.729999542236328
2025-10-09,RCI,36.20000076293945
2025-01-28,RCL,265.25
2025-11-18,RDAC,12.829999923706056
2025-09-30,RDACU,11.100000381469728
2025-10-15,RDACU,12.3100004196167
2025-11-19,RDACU,13.100000381469728
2025-01-10,RDCM,13.380000114440918
2025-01-16,RDCM,14.100000381469728
2025-02-05,RDCM,14.789999961853027
2025-06-30,RDCM,13.59000015258789
2025-07-18,RDCM,14.5
2025-08-07,RDIB,11.949999809265137
2025-09-18,RDN,37.220001220703125
2025-02-05,RDVT,39.959999084472656
2025-02-10,RDVT,40.31999969482422
2025-02-13,RDVT,42.349998474121094
2025-05-08,RDVT,46.619998931884766
2025-05-13,RDVT,47.68000030517578
2025-06-27,RDVT,50.959999084472656
2025-09-08,RDVT,51.130001068115234
2025-09-19,RDVT,52.2599983215332
2025-06-13,RDWR,26.600000381469727
2025-02-28,REG,76.69999694824219
2025-01-06,RELL,14.869999885559082
2025-04-22,RELX,53.09999847412109
2025-05-02,RELX,55.02000045776367
2025-12-18,RERE,5.429999828338623
2025-08-28,REX,32.05500030517578
2025-12-04,REX,35.06999969482422
2025-05-29,RFAI,10.489999771118164
2025-08-05,RFAI,10.593000411987305
2025-09-23,RFAI,10.640000343322754
2025-09-29,RFAI,10.699999809265137
2025-04-14,RFAIU,10.380000114440918
2025-05-01,RFAIU,10.5
2025-06-17,RFAIU,10.579999923706056
2025-09-23,RFAIU,10.6899995803833
2025-10-02,RFAIU,10.850000381469728
2025-01-16,RFIL,4.559999942779541
2025-01-30,RFIL,5.010000228881836
2025-01-23,RFL,2.1301779747009277
2025-04-09,RGCO,22.450000762939453
2025-12-18,RGCO,23.649999618530273
2025-04-10,RGLD,170.97000122070312
2025-09-26,RGLD,196.7100067138672
2025-10-16,RGLD,206.64999389648438
2025-12-17,RGLD,222.2899932861328
2025-12-19,RGNX,14.59000015258789
2025-02-11,RGS,26.790000915527344
2025-09-12,RGTI,19.09000015258789
2025-08-21,RILYK,23.562000274658203
2025-09-10,RILYK,24.049999237060547
2025-12-16,RILYK,24.6200008392334
2025-08-22,RITM,12.5600004196167
2025-12-12,RIVN,18.420000076293945
2025-11-10,RJET,23.700000762939453
2025-09-05,RKT,20.26000022888184
2025-09-17,RKT,21.15999984741211
2025-02-18,RLGT,7.659999847412109
2025-02-28,RLX,2.490000009536743
2025-01-16,RM,35.060001373291016
2025-01-24,RM,36.33000183105469
2025-01-28,RM,36.58000183105469
2025-02-05,RM,36.939998626708984
2025-04-17,RMCO,1.2100000381469727
2025-01-30,RMD,257.6499938964844
2025-12-10,RMT,10.850000381469728
2025-12-19,RNR,278.5199890136719
2025-06-16,RNW,7.059999942779541
2025-07-03,RNW,7.670000076293945
2025-08-22,RNW,7.789999961853027
2025-10-01,RNW,8.1899995803833
2025-10-27,ROST,160.72999572753906
2025-11-21,ROST,174.0
2025-12-10,ROST,181.82000732421875
2025-07-23,RPID,4.03000020980835
2025-07-01,RRBI,60.93999862670898
2025-07-09,RRBI,64.38999938964844
2025-10-24,RRBI,68.01000213623047
2025-12-19,RRBI,75.30999755859375
2025-02-28,RSG,237.0200042724609
2025-03-31,RSG,242.16000366210935
2025-05-30,RSG,257.2900085449219
2025-07-29,RSI,15.630000114440918
2025-01-28,RTX,128.35000610351562
2025-06-13,RTX,145.69000244140625
2025-07-23,RTX,156.49000549316406
2025-10-21,RTX,173.0399932861328
2025-05-19,RYAAY,53.970001220703125
2025-07-21,RYAAY,59.86000061035156
2025-11-25,RYAAY,67.33000183105469
2025-12-11,RYAAY,70.2699966430664
2025-04-02,RYAN,75.05999755859375
2025-12-11,RYTM,117.62000274658205
2025-02-20,SABR,4.150000095367432
2025-03-03,SAN,6.46999979019165
2025-06-16,SAN,8.319999694824219
2025-01-30,SANM,84.20999908447266
2025-02-04,SANM,87.37999725341797
2025-02-10,SANM,89.0999984741211
2025-08-08,SANM,121.25
2025-10-06,SANM,140.0
2025-11-03,SANM,140.33999633789062
2025-01-29,SAP,276.8299865722656
2025-05-02,SAP,301.7200012207031
2025-07-23,SAR,25.479999542236328
2025-10-27,SAT,24.979999542236328
2025-10-29,SAT,25.014999389648438
2025-12-08,SBCF,32.65999984741211
2025-12-10,SBCF,32.66999816894531
2025-12-03,SBLK,20.40999984741211
2025-08-05,SBR,68.05000305175781
2025-03-19,SBS,18.049999237060547
2025-04-03,SBS,18.690000534057617
2025-08-12,SBS,22.729999542236328
2025-09-05,SBS,23.15999984741211
2025-09-11,SBS,23.59000015258789
2025-11-11,SBS,26.020000457763672
2025-12-02,SBS,26.950000762939453
2025-01-29,SBUX,108.58000183105467
2025-08-20,SCCD,23.790000915527344
2025-09-19,SCCO,108.25105285644533
2025-09-24,SCCO,117.61070251464844
2025-12-02,SCHL,30.079999923706055
2025-12-29,SCHL,30.81999969482422
2025-07-17,SCHW,93.0999984741211
2025-12-19,SCHW,98.81999969482422
2025-12-01,SD,14.520000457763672
2025-12-03,SD,15.119999885559082
2025-03-05,SE,146.30999755859375
2025-05-13,SE,154.1300048828125
2025-08-12,SE,174.1199951171875
2025-08-18,SEB,3578.179931640625
2025-08-21,SEB,3610.080078125
2025-11-14,SEB,4120.22021484375
2025-11-19,SEB,4173.75
2025-11-13,SEE,42.5
2025-11-07,SFST,46.619998931884766
2025-11-14,SFST,49.2400016784668
2025-11-21,SFST,49.77000045776367
2025-12-03,SFST,52.459999084472656
2025-12-08,SFST,52.4900016784668
2025-12-15,SFST,55.5
2025-01-29,SGI,62.02999877929688
2025-02-03,SGI,66.91999816894531
2025-11-06,SGI,88.9800033569336
2025-11-26,SHBI,17.68000030517578
2025-10-23,SHEL,75.72000122070312
2025-02-19,SIBN,18.11000061035156
2025-02-25,SIBN,18.440000534057617
2025-05-22,SIFY,5.369999885559082
2025-07-16,SIFY,5.559999942779541
2025-07-21,SIFY,5.809999942779541
2025-11-14,SIM,30.09000015258789
2025-09-11,SIMO,89.08000183105469
2025-09-18,SIMO,91.37000274658205
2025-10-27,SIMO,102.97000122070312
2025-11-06,SITM,339.8099975585937
2025-12-03,SITM,346.5
2025-07-01,SKLZ,7.039999961853027
2025-07-22,SKLZ,7.730000019073486
2025-05-23,SLF,63.630001068115234
2025-05-30,SLF,64.6500015258789
2025-09-22,SLI,3.150000095367432
2025-09-24,SLI,3.4600000381469727
2025-07-09,SLNO,88.48999786376953
2025-12-10,SMBK,38.59999847412109
2025-01-14,SMWB,15.119999885559082
2025-01-24,SMWB,16.670000076293945
2025-02-10,SNCY,17.299999237060547
2025-02-18,SNCY,18.1299991607666
2025-01-21,SND,2.684999942779541
2025-02-05,SNEX,74.27999877929688
2025-02-18,SNEX,80.84666442871094
2025-07-30,SNEX,97.8000030517578
2025-08-04,SNEX,98.2300033569336
2025-01-21,SOFI,17.899999618530273
2025-11-12,SOFI,32.209999084472656
2025-02-11,SPG,184.3800048828125
2025-03-03,SPG,187.77999877929688
2025-09-16,SPKL,11.149999618530272
2025-09-19,SPKL,11.350000381469728
2025-07-31,SPOK,18.34000015258789
2025-08-12,SPOK,18.670000076293945
2025-10-31,SPXC,223.88999938964844
2025-11-10,SPXC,224.92999267578125
2025-02-10,SPXX,18.13999938964844
2025-02-14,SPXX,18.3700008392334
2025-02-14,SR,73.91000366210938
2025-10-23,SR,88.41000366210938
2025-02-05,SRTS,8.989999771118164
2025-10-15,STAG,37.540000915527344
2025-11-25,STEL,31.799999237060547
2025-12-10,STEL,32.16999816894531
2025-03-26,STEW,17.190000534057617
2025-04-02,STEW,17.34000015258789
2025-05-12,STEW,17.56999969482422
2025-05-08,STN,93.86000061035156
2025-10-22,STRRP,9.989999771118164
2025-11-18,STRRP,10.09000015258789
2025-02-11,STRT,46.90999984741211
2025-12-18,STRT,82.55999755859375
2025-10-28,STT,118.68000030517578
2025-05-09,STVN,24.0
2025-07-24,STVN,27.950000762939453
2025-07-31,STX,157.00999450683594
2025-08-15,SWAG,1.6150000095367432
2025-09-02,SWAG,1.7999999523162842
2025-09-08,SWAG,1.919999957084656
2025-11-05,SWAG,1.9900000095367432
2025-07-23,SYF,72.08000183105469
2025-12-10,TALO,11.9399995803833
2025-08-13,TASK,17.18000030517578
2025-03-31,TBLD,17.940000534057617
2025-04-30,TBLD,17.959999084472656
2025-07-17,TBLD,20.3700008392334
2025-01-31,TCBS,15.720000267028809
2025-07-07,TCBS,16.5
2025-09-19,TCBS,17.239999771118164
2025-08-22,TCI,48.0
2025-12-12,TCI,49.91999816894531
2025-03-05,TDF,9.8100004196167
2025-07-15,TDF,10.15999984741211
2025-07-18,TDF,10.25
2025-08-22,TDF,11.15999984741211
2025-08-29,TDF,11.1899995803833
2025-09-11,TDF,11.539999961853027
2025-09-15,TDF,11.600000381469727
2025-01-22,TDY,511.6700134277344
2025-01-30,TECX,54.84000015258789
2025-09-15,TEN,23.34000015258789
2025-10-23,TEN,23.96999931335449
2025-02-06,TFC,48.150001525878906
2025-04-02,TGNA,18.979999542236328
2025-11-25,THC,218.4600067138672
2025-02-06,THG,166.07000732421875
2025-02-28,THG,170.52999877929688
2025-02-27,TIPT,22.989999771118164
2025-03-05,TIPT,23.100000381469727
2025-03-25,TIPT,24.84000015258789
2025-01-23,TKO,151.97000122070312
2025-06-18,TKO,175.9499969482422
2025-06-27,TKO,179.35000610351562
2025-09-29,TKO,205.3300018310547
2025-12-19,TKO,213.44000244140625
2025-10-29,TMDX,134.32000732421875
2025-07-17,TOST,46.619998931884766
2025-07-31,TPTA,21.5049991607666
2025-08-14,TPTA,22.0
2025-09-02,TPTA,23.575000762939453
2025-11-24,TPTA,23.57999992370605
2025-12-04,TPTA,23.850000381469727
2025-04-15,TRI,181.6999969482422
2025-04-17,TRI,181.9499969482422
2025-07-14,TRI,214.2100067138672
2025-11-14,TRINI,25.677000045776367
2025-12-10,TRST,44.7599983215332
2025-08-25,TULP,5.519999980926514
2025-09-03,TULP,5.829999923706055
2025-04-30,TURB,2.630000114440918
2025-10-06,TWN,55.36000061035156
2025-10-23,TWN,56.83000183105469
2025-12-26,TWN,59.709999084472656
2025-01-21,UAL,110.5199966430664
2025-05-09,UAN,82.94000244140625
2025-05-19,UAN,83.52999877929688
2025-06-13,UAN,83.87000274658203
2025-07-31,UAN,94.7300033569336
2025-11-03,UAN,98.63999938964844
2025-11-05,UAN,99.11000061035156
2025-12-31,UAN,102.5
2025-09-09,UBCP,14.989999771118164
2025-01-16,UBS,33.150001525878906
2025-01-24,UBS,35.369998931884766
2025-12-16,UBS,44.79999923706055
2025-09-18,UFCS,32.5
2025-11-05,UFCS,35.439998626708984
2025-10-24,UHS,210.67999267578125
2025-01-14,UI,393.6300048828125
2025-08-22,UI,510.2300109863281
2025-09-03,UI,544.969970703125
2025-04-23,UNB,35.029998779296875
2025-05-14,UNB,35.79999923706055
2025-01-08,UNF,214.47999572753903
2025-01-15,UNF,230.5
2025-01-21,URBN,60.43999862670898
2025-09-08,URGN,21.420000076293945
2025-12-23,USEA,2.009999990463257
2025-12-19,UTHR,517.1300048828125
2025-01-30,UTI,27.739999771118164
2025-02-04,UTI,28.950000762939453
2025-02-06,UTI,29.530000686645508
2025-05-08,UTI,32.77000045776367
2025-07-31,UZD,25.549999237060547
2025-02-28,V,362.7099914550781
2025-10-06,VALE,11.289999961853027
2025-10-22,VALE,11.520000457763672
2025-07-16,VCTR,69.66999816894531
2025-05-29,VEEV,279.0400085449219
2025-08-27,VEEV,293.5899963378906
2025-01-02,VEON,42.70000076293945
2025-05-12,VEON,49.70000076293945
2025-05-15,VEON,54.91999816894531
2025-08-18,VEON,60.43999862670898
2025-11-14,VFF,3.75
2025-12-12,VFF,4.079999923706055
2025-03-13,VGZ,0.7599999904632568
2025-03-18,VGZ,0.7799999713897705
2025-03-31,VGZ,0.8299999833106995
2025-04-21,VGZ,0.8799999952316284
2025-08-07,VITL,43.86000061035156
2025-07-23,VLN,2.900000095367432
2025-02-18,VMI,376.9800109863281
2025-07-08,VMI,342.2099914550781
2025-10-21,VMI,414.5299987792969
2025-09-11,VNET,9.109999656677246
2025-09-24,VNET,10.369999885559082
2025-10-28,VOD,12.239999771118164
2025-11-11,VOD,12.670000076293944
2025-09-19,VOXR,3.700000047683716
2025-09-24,VOXR,3.990000009536743
2025-09-26,VOXR,4.159999847412109
2025-10-08,VOXR,4.5
2025-10-13,VOXR,4.559999942779541
2025-10-15,VOXR,4.679999828338623
2025-11-05,VRDN,24.420000076293945
2025-12-10,VRDN,32.599998474121094
2025-12-15,VRDN,33.029998779296875
2025-05-20,VSTM,8.029999732971191
2025-10-30,VTR,74.36000061035156
2025-11-07,W,106.87999725341795
2025-07-22,WBD,12.850000381469728
2025-12-05,WBD,26.07999992370605
2025-09-03,WDC,86.0
2025-02-11,WEC,102.6999969482422
2025-02-21,WEC,104.0500030517578
2025-03-10,WEC,108.9800033569336
2025-08-01,WEC,110.23999786376952
2025-02-28,WELL,153.50999450683594
2025-07-29,WELL,165.9600067138672
2025-09-19,WFC,84.63999938964844
2025-10-15,WFC,86.45999908447266
2025-12-10,WFC,90.69000244140624
2025-12-19,WFC,93.01000213623048
2025-01-16,WHLRD,30.489999771118164
2025-08-28,WHLRD,35.459999084472656
2025-09-09,WHLRD,35.900001525878906
2025-12-05,WHLRD,42.0
2025-01-14,WHR,126.0199966430664
2025-01-14,WIX,236.3600006103516
2025-01-28,WIX,246.75999450683597
2025-12-19,WLDN,111.37000274658205
2025-02-25,WMK,74.36000061035156
2025-02-18,WRAP,2.359999895095825
2025-12-09,WRAP,2.940000057220459
2025-08-26,WRN,1.4199999570846558
2025-09-02,WRN,1.4800000190734863
2025-09-08,WRN,1.5399999618530271
2025-09-11,WRN,1.600000023841858
2025-12-19,WTFC,142.30999755859375
2025-02-11,WTS,224.6699981689453
2025-07-30,WTS,260.9100036621094
2025-05-16,XEL,72.37999725341797
2025-07-31,XEL,73.44000244140625
2025-09-24,XEL,77.93000030517578
2025-09-26,XEL,79.27999877929688
2025-07-29,XGN,8.449999809265137
2025-09-30,XGN,10.989999771118164
2025-10-09,XGN,11.079999923706056
2025-10-14,XGN,11.539999961853027
2025-01-24,XNET,2.3499999046325684
2025-09-09,XOMAP,27.0
2025-08-18,XPL,0.7599999904632568
2025-08-20,XPL,0.800000011920929
2025-10-09,XTNT,0.699999988079071
2025-12-09,XWIN,6.139999866485596
2025-02-12,XYF,8.489999771118164
2025-02-14,XYF,8.649999618530273
2025-09-30,XYL,147.5
2025-10-28,XYL,150.5
2025-08-07,YALA,8.989999771118164
2025-12-03,YETI,43.13999938964844
2025-11-26,YHNA,10.59000015258789
2025-11-21,YHNAU,10.619999885559082
2025-10-07,YJ,2.200000047683716
2025-02-10,YMM,12.800000190734863
2025-03-05,YMM,13.260000228881836
2025-07-15,YMM,13.31999969482422
2025-09-19,YOU,37.95000076293945
2025-12-12,YOU,41.08000183105469
2025-09-08,YQ,2.470000028610229
2025-02-28,YUM,156.3699951171875
2025-03-07,YUM,162.52999877929688
2025-08-06,ZG,81.51000213623047
2025-08-18,ZH,4.900000095367432
2025-09-10,ZH,5.119999885559082
2025-02-19,ZLAB,30.96999931335449
2025-02-25,ZLAB,33.90999984741211
2025-05-30,ZS,275.70001220703125
2025-12-26,ZURA,4.650000095367432
2025-07-02,ZVRA,9.40999984741211
2025-10-29,ZWS,47.97999954223633
2025-10-28,ZYME,19.299999237060547
2025-11-11,ZYME,19.68000030517578
